# Blender 4.4.3
# www.blender.org
o Cylinder.017
v -1.008662 -0.272227 -8.182170
v -1.310437 -0.427816 -8.573103
v 1.650671 -0.458121 -8.556751
v 1.347846 -0.296345 -8.169157
v -0.992837 1.429577 -7.894003
v -1.290551 1.710614 -8.211002
v 1.670558 1.680309 -8.194650
v 1.363672 1.405459 -7.880989
v -1.098205 1.538029 -8.057614
v -1.115472 -0.318851 -8.372041
v 1.473037 1.511713 -8.043415
v 1.455770 -0.345165 -8.357841
v -1.091442 1.483277 -8.217043
v -1.107115 -0.202116 -8.502431
v 1.466917 1.457093 -8.202914
v 1.451243 -0.228300 -8.488303
v -1.205760 -0.352490 -8.567734
v 1.547506 -0.380669 -8.552530
v -1.187270 1.635841 -8.231049
v 1.565996 1.607663 -8.215845
v -1.053960 -0.289806 -8.276076
v 1.410248 1.452853 -7.963232
v -1.037522 1.477905 -7.976749
v 1.393809 -0.314857 -8.262559
v -0.366019 0.182243 -8.100583
v 0.713776 0.171192 -8.094620
v -0.358767 0.962040 -7.968539
v 0.721028 0.950989 -7.962576
v -0.180237 0.197063 -7.804941
v 0.527110 0.189476 -7.801763
v -0.175487 0.696952 -7.668794
v 0.531861 0.689365 -7.665616
v -0.328007 0.013509 -7.297349
v 0.670508 0.001133 -7.284117
v -0.318885 0.744905 -7.301748
v 0.679631 0.732530 -7.288515
vn 0.0002 0.1638 -0.9865
vn 0.7334 -0.6576 -0.1723
vn -0.7354 -0.6736 -0.0739
vn 0.0148 0.1646 -0.9862
vn 0.4752 0.5306 0.7019
vn 0.4027 0.5339 0.7435
vn 0.3786 -0.7675 0.5174
vn 0.4563 -0.7466 0.4841
vn -0.4226 0.3775 0.8240
vn -0.7212 0.6780 0.1424
vn -0.4286 -0.6238 0.6536
vn -0.4995 0.4627 0.7324
vn -0.4974 -0.6829 0.5350
vn 0.3825 -0.6556 0.6510
vn 0.3959 0.3938 0.8296
vn 0.7435 0.6676 0.0400
vn -0.5212 0.4942 0.6958
vn -0.5257 -0.6929 0.4935
vn 0.2230 0.2615 -0.9391
vn -0.1995 0.2709 -0.9417
vn -0.0020 0.1685 -0.9857
vn 0.0171 0.1673 -0.9858
vn -0.1990 0.0469 -0.9789
vn 0.2185 0.0477 -0.9747
vn 0.0072 0.1669 -0.9860
vn -0.5018 0.4518 0.7376
vn -0.6890 -0.5901 0.4208
vn -0.4444 -0.8909 -0.0934
vn -0.6657 0.7163 0.2091
vn 0.7201 0.6796 0.1403
vn 0.7276 0.6145 -0.3048
vn 0.6146 -0.6536 -0.4418
vn 0.4838 -0.8658 -0.1282
vn 0.6806 -0.5944 0.4283
vn 0.5247 0.4234 0.7385
vn -0.6637 -0.6021 -0.4439
vn -0.7264 0.6134 -0.3101
s 1
f 18//1 3//2 2//3 17//4
f 22//5 8//6 4//7 24//8
f 9//9 6//10 2//3 10//11
f 8//6 5//12 1//13 4//7
f 10//11 2//3 3//2 12//14
f 11//15 7//16 6//10 9//9
f 7//16 11//15 12//14 3//2
f 23//17 9//9 10//11 21//18
f 21//18 10//11 12//14 24//8
f 22//5 11//15 9//9 23//17
f 17//4 14//19 16//20 18//1
f 20//21 7//16 3//2 18//1
f 6//10 19//22 17//4 2//3
f 19//22 6//10 7//16 20//21
f 11//15 22//5 24//8 12//14
f 5//12 23//17 21//18 1//13
f 1//13 21//18 24//8 4//7
f 8//6 22//5 23//17 5//12
f 15//23 20//21 18//1 16//20
f 20//21 15//23 13//24 19//22
f 19//22 13//24 14//19 17//4
s 0
f 13//25 15//25 16//25 14//25
s 1
f 27//26 25//27 29//28 31//29
f 32//30 36//31 34//32 30//33
f 32//30 30//33 26//34 28//35
f 28//35 27//26 31//29 32//30
f 25//27 26//34 30//33 29//28
f 33//36 35//37 31//29 29//28
f 32//30 31//29 35//37 36//31
f 29//28 30//33 34//32 33//36
o Cylinder.016
v -0.449574 1.878860 -3.450684
v -0.449574 1.817599 -4.008260
v -0.285471 2.041981 -3.468606
v -0.285471 1.980720 -4.026183
v -0.248289 2.179919 -3.483762
v -0.248289 2.118657 -4.041338
v -0.673743 1.819154 -3.444124
v -0.673743 1.757892 -4.001700
v -0.449574 1.878860 -3.450684
v -0.449574 1.817599 -4.008260
v -0.285471 2.041981 -3.468606
v -0.285471 1.980720 -4.026183
v -0.225405 2.264810 -3.493089
v -0.225405 2.203548 -4.050665
v -0.285471 2.487637 -3.517571
v -0.285471 2.426376 -4.075147
v -0.449574 2.650759 -3.535493
v -0.449574 2.589497 -4.093069
v -0.673743 2.710465 -3.542053
v -0.673743 2.649204 -4.099629
v -0.897911 2.650759 -3.535493
v -0.897911 2.589497 -4.093069
v -1.062014 2.487637 -3.517571
v -1.062014 2.426376 -4.075147
v -1.122080 2.264810 -3.493089
v -1.122080 2.203548 -4.050665
v -1.062015 2.041982 -3.468606
v -1.062015 1.980721 -4.026183
v -0.897912 1.878860 -3.450684
v -0.897912 1.817599 -4.008260
v -0.673743 1.855876 -3.453209
v -0.673743 1.803000 -3.991575
v -0.470366 1.910101 -3.459839
v -0.470366 1.857225 -3.998205
v -0.321485 2.058246 -3.477952
v -0.321485 2.005370 -4.016317
v -0.266990 2.260617 -3.502694
v -0.266990 2.207741 -4.041059
v -0.321484 2.462987 -3.527436
v -0.321484 2.410111 -4.065802
v -0.470366 2.611132 -3.545548
v -0.470366 2.558256 -4.083914
v -0.673743 2.665357 -3.552178
v -0.673743 2.612481 -4.090544
v -0.877119 2.611132 -3.545548
v -0.877119 2.558256 -4.083914
v -1.026000 2.462987 -3.527436
v -1.026000 2.410111 -4.065802
v -1.078659 2.267437 -3.503528
v -1.078659 2.214561 -4.041893
v -1.026001 2.058247 -3.477952
v -1.026001 2.005371 -4.016318
v -0.877119 1.910101 -3.459839
v -0.877119 1.857225 -3.998205
v -1.113983 2.294848 -3.496389
v -1.113983 2.233587 -4.053965
v -1.076822 2.274257 -3.504361
v -1.076822 2.221381 -4.042727
v -1.125634 2.279829 -3.494739
v -1.125634 2.218567 -4.052315
v -1.129590 2.272319 -3.493914
v -1.131614 2.264810 -3.493089
v -1.131614 2.203548 -4.050665
v -1.129590 2.211058 -4.051490
v -1.121585 2.294848 -3.496389
v -1.121585 2.233587 -4.053965
v -0.164204 1.858154 -3.467553
v -0.164204 1.858154 -3.924551
v -0.003426 1.858154 -3.924551
v -0.003426 1.858154 -3.467553
v -0.164204 1.937999 -3.467553
v -0.164204 1.937999 -3.924551
v -0.003426 1.937999 -3.924551
v -0.003426 1.937999 -3.467553
vn 0.7071 -0.7029 0.0772
vn 0.8930 -0.4474 0.0492
vn 0.8394 -0.5403 0.0594
vn -0.0760 -0.3444 0.9357
vn 0.0386 -0.7398 -0.6718
vn -0.0000 -0.9427 0.3337
vn -0.0000 -0.9887 -0.1498
vn 0.2082 -0.8000 0.5628
vn 0.1990 -0.9206 -0.3359
vn -0.1643 0.1977 0.9664
vn -0.2413 0.0370 -0.9698
vn 0.8687 0.4261 0.2527
vn 0.8467 0.4061 -0.3438
vn 0.8138 0.5527 0.1795
vn 0.8710 0.4106 -0.2697
vn 0.4588 0.8746 0.1570
vn 0.5155 0.7968 -0.3153
vn -0.0000 0.9887 0.1498
vn -0.0000 0.9427 -0.3337
vn -0.4588 0.8746 0.1570
vn -0.5155 0.7968 -0.3153
vn -0.8137 0.5528 0.1796
vn -0.8711 0.4105 -0.2696
vn -0.4349 -0.6718 0.5996
vn -0.6114 -0.7146 -0.3399
vn -0.8711 -0.4106 0.2694
vn -0.8139 -0.5526 -0.1793
vn -0.5155 -0.7968 0.3153
vn -0.4588 -0.8746 -0.1570
vn -0.0000 0.9813 0.1924
vn -0.0000 0.9243 -0.3817
vn -0.5019 0.8408 0.2028
vn -0.4624 0.8069 -0.3677
vn -0.8523 0.4680 0.2337
vn -0.8130 0.4802 -0.3295
vn -0.9602 -0.0181 0.2789
vn -0.9597 0.0182 -0.2805
vn -0.8126 -0.4805 0.3298
vn -0.8526 -0.4676 -0.2334
vn -0.4624 -0.8069 0.3677
vn -0.5019 -0.8408 -0.2028
vn -0.0000 -0.9243 0.3817
vn -0.0000 -0.9813 -0.1924
vn 0.4624 -0.8069 0.3677
vn 0.5019 -0.8408 -0.2028
vn 0.8127 -0.4804 0.3296
vn 0.8525 -0.4677 -0.2335
vn 0.5899 0.7976 0.1262
vn 0.6806 0.6950 -0.2321
vn 0.8562 0.4596 0.2360
vn 0.8151 0.4751 -0.3315
vn 0.5019 0.8408 0.2028
vn 0.4624 0.8069 -0.3677
vn -0.6061 0.7210 0.3359
vn -0.4326 0.6808 -0.5910
vn 0.6675 -0.7090 0.2273
vn 0.5421 -0.8310 -0.1250
vn -0.8833 -0.4169 0.2144
vn -0.7008 -0.7022 -0.1259
vn -0.5037 0.8542 0.1289
vn -0.8791 -0.4298 0.2060
vn -0.6967 -0.7053 -0.1308
vn -0.6767 0.6920 -0.2515
vn -0.5360 0.8347 0.1268
vn -0.6803 0.6897 -0.2482
vn -0.9692 -0.0000 0.2463
vn -0.9692 -0.0000 -0.2463
vn 0.9692 -0.0000 -0.2463
vn 0.9692 -0.0000 0.2463
vn -0.9435 -0.1645 0.2878
vn -0.9311 -0.2547 -0.2612
vn 0.9349 0.2810 -0.2169
vn 0.9307 0.3091 0.1957
s 1
f 37//38 38//38 40//40 39//39
f 39//39 40//40 42//42 41//41
f 43//43 44//44 46//46 45//45
f 49//49 50//50 52//52 51//51
f 51//51 52//52 54//54 53//53
f 53//53 54//54 56//56 55//55
f 55//55 56//56 58//58 57//57
f 57//57 58//58 60//60 59//59
f 95//95 91//91 101//101
f 61//61 62//62 64//64 63//63
f 85//85 97//97 61//61
f 65//65 66//66 44//44 43//43
f 63//63 64//64 66//66 65//65
f 81//81 57//57 59//59 83//83
f 67//67 69//69 70//70 68//68
f 69//69 71//71 72//72 70//70
f 73//73 75//75 76//76 74//74
f 75//75 77//77 78//78 76//76
f 77//77 79//79 80//80 78//78
f 79//79 81//81 82//82 80//80
f 81//81 83//83 84//84 82//82
f 85//85 87//87 88//88 86//86
f 85//85 61//61 63//63 87//87
f 89//89 67//67 68//68 90//90
f 87//87 89//89 90//90 88//88
f 87//87 63//63 65//65 89//89
f 79//79 55//55 57//57 81//81
f 77//77 53//53 55//55 79//79
f 75//75 51//51 53//53 77//77
f 73//73 49//49 51//51 75//75
f 73//73 41//41 49//49
f 69//69 45//45 47//47 71//71
f 67//67 43//43 45//45 69//69
f 89//89 65//65 43//43 67//67
f 71//71 73//73 74//74 72//72
f 71//71 47//47 41//41 73//73
f 74//74 50//50 42//42
f 76//76 52//52 50//50 74//74
f 78//78 54//54 52//52 76//76
f 80//80 56//56 54//54 78//78
f 82//82 58//58 56//56 80//80
f 84//84 60//60 58//58 82//82
f 94//94 92//92 60//60 84//84
f 88//88 64//64 62//62 86//86
f 90//90 66//66 64//64 88//88
f 68//68 44//44 66//66 90//90
f 70//70 46//46 44//44 68//68
f 72//72 48//48 46//46 70//70
f 74//74 42//42 48//48 72//72
f 59//59 60//60 92//92 91//91
f 83//83 59//59 91//91 93//93
f 83//83 93//93 94//94 84//84
f 94//94 96//96 92//92
f 97//97 98//98 61//61
f 93//93 91//91 95//95
f 102//102 101//101 91//91 92//92
f 96//96 94//94 93//93 95//95
f 86//86 97//97 85//85
f 102//102 96//96 95//95 101//101
f 99//99 98//98 97//97 100//100
f 100//100 97//97 86//86
f 98//98 99//99 62//62 61//61
f 96//96 102//102 92//92
f 100//100 86//86 62//62 99//99
f 107//107 108//108 104//104 103//103
f 108//108 109//109 105//105 104//104
f 109//109 110//110 106//106 105//105
f 110//110 107//107 103//103 106//106
f 109//109 50//50 49//49 110//110
f 41//41 42//42 108//108 107//107
f 108//108 42//42 50//50 109//109
f 110//110 49//49 41//41 107//107
o Cylinder.015
v 1.480622 1.169345 -3.540932
v 0.744585 0.589789 -3.542097
v 1.463804 1.190739 -3.558199
v 0.727767 0.611183 -3.559364
v 1.461791 1.193358 -3.589752
v 0.725755 0.613802 -3.590918
v 1.476100 1.175230 -3.611832
v 0.740063 0.595675 -3.612998
v 1.495955 1.150006 -3.607811
v 0.759918 0.570451 -3.608977
v 1.506405 1.136680 -3.580718
v 0.770369 0.557124 -3.581883
v 1.499581 1.145286 -3.550953
v 0.763545 0.565731 -3.552119
v 1.220912 0.908981 -3.559108
v 1.245539 0.877838 -3.624545
v 1.539932 1.109643 -3.624079
v 1.515306 1.140787 -3.558641
v 1.157261 0.989845 -3.571998
v 1.143514 1.007451 -3.645206
v 1.437907 1.239257 -3.644740
v 1.451654 1.221650 -3.571532
v 1.185023 0.954746 -3.651116
v 1.206240 0.927791 -3.646819
v 1.197690 0.938431 -3.537847
v 1.176472 0.965386 -3.542143
v 1.479417 1.186551 -3.650649
v 1.500634 1.159597 -3.646353
v 1.470866 1.197192 -3.541677
v 1.492083 1.170237 -3.537380
vn -0.0936 0.1169 0.9887
vn -0.0935 0.1168 0.9887
vn -0.5895 0.7480 0.3049
vn -0.5893 0.7478 0.3059
vn -0.6134 0.7792 -0.1289
vn -0.6135 0.7793 -0.1277
vn -0.2326 0.2973 -0.9260
vn -0.2328 0.2975 -0.9259
vn 0.3970 -0.5027 -0.7679
vn 0.3973 -0.5030 -0.7676
vn 0.6184 -0.7853 -0.0283
vn 0.6184 -0.7854 -0.0270
vn 0.5036 -0.6408 0.5795
vn 0.5034 -0.6404 0.5801
vn 0.4548 -0.5790 0.6767
vn 0.6182 -0.7851 -0.0387
vn 0.9466 -0.3206 -0.0329
vn 0.8974 0.3654 0.2474
vn -0.5528 0.7011 0.4505
vn -0.6162 0.7827 -0.0877
vn -0.0626 0.9954 -0.0727
vn 0.4056 0.8858 0.2253
vn 0.0125 -0.0138 -0.9998
vn 0.1440 -0.1809 -0.9729
vn 0.1314 -0.1689 0.9768
vn -0.2933 0.3708 0.8812
vn 0.7638 0.5955 -0.2490
vn 0.7963 0.5515 -0.2484
vn 0.6662 0.6998 0.2578
vn 0.7925 0.5520 0.2594
s 1
f 111//111 113//113 114//114 112//112
f 113//113 115//115 116//116 114//114
f 115//115 117//117 118//118 116//116
f 117//117 119//119 120//120 118//118
f 119//119 121//121 122//122 120//120
f 123//123 111//111 112//112 124//124
f 121//121 123//123 124//124 122//122
f 134//134 138//138 127//127 126//126
f 140//140 135//135 125//125 128//128
f 125//125 126//126 127//127 128//128
f 132//132 131//131 130//130 129//129
f 140//140 128//128 127//127 138//138 137//137 131//131 132//132 139//139
f 130//130 131//131 137//137 133//133
f 133//133 137//137 138//138 134//134
f 132//132 129//129 136//136 139//139
f 139//139 136//136 135//135 140//140
o Cylinder.014
v 1.095159 0.928220 -3.638924
v 0.931952 0.800013 -3.866746
v 2.688626 0.783740 -3.723935
v 2.493154 0.915270 -3.525272
v 1.103863 1.955495 -3.628942
v 0.942891 2.090852 -3.854203
v 2.699565 2.074579 -3.711392
v 2.501859 1.942545 -3.515290
v 1.049190 2.003847 -3.739646
v 1.039692 0.882962 -3.750538
v 2.574576 1.989716 -3.615638
v 2.565078 0.868832 -3.626530
v 1.059755 1.956675 -3.827655
v 1.051134 0.939306 -3.837541
v 2.577498 1.942615 -3.704268
v 2.568877 0.925246 -3.714154
v 0.994375 0.844788 -3.866055
v 2.627746 0.829656 -3.733268
v 1.004546 2.045021 -3.854392
v 2.637917 2.029891 -3.721605
v 1.072233 0.909057 -3.694308
v 2.533410 1.962664 -3.565886
v 1.081274 1.976116 -3.683940
v 2.524368 0.895606 -3.576255
vn 0.0742 0.0059 -0.9972
vn 0.7363 -0.6766 -0.0118
vn -0.7358 -0.6768 -0.0210
vn 0.0888 0.0067 -0.9960
vn 0.4288 0.6348 0.6427
vn 0.3535 0.6447 0.6778
vn 0.3308 -0.6761 0.6584
vn 0.4110 -0.6607 0.6281
vn -0.4772 0.5030 0.7206
vn -0.7217 0.6920 -0.0199
vn -0.4824 -0.5127 0.7102
vn -0.5463 0.5726 0.6114
vn -0.5431 -0.5898 0.5976
vn 0.3262 -0.5445 0.7727
vn 0.3388 0.5200 0.7841
vn 0.7463 0.6655 -0.0108
vn -0.5649 0.5979 0.5687
vn -0.5684 -0.6062 0.5563
vn 0.2941 0.1098 -0.9495
vn -0.1270 0.1187 -0.9848
vn 0.0720 0.0106 -0.9974
vn 0.0910 0.0094 -0.9958
vn -0.1264 -0.1084 -0.9860
vn 0.2896 -0.1069 -0.9512
vn 0.0811 0.0090 -0.9967
s 1
f 158//141 143//142 142//143 157//144
f 162//145 148//146 144//147 164//148
f 149//149 146//150 142//143 150//151
f 148//146 145//152 141//153 144//147
f 150//151 142//143 143//142 152//154
f 151//155 147//156 146//150 149//149
f 147//156 151//155 152//154 143//142
f 163//157 149//149 150//151 161//158
f 161//158 150//151 152//154 164//148
f 162//145 151//155 149//149 163//157
f 157//144 154//159 156//160 158//141
f 160//161 147//156 143//142 158//141
f 146//150 159//162 157//144 142//143
f 159//162 146//150 147//156 160//161
f 151//155 162//145 164//148 152//154
f 145//152 163//157 161//158 141//153
f 141//153 161//158 164//148 144//147
f 148//146 162//145 163//157 145//152
f 155//163 160//161 158//141 156//160
f 160//161 155//163 153//164 159//162
f 159//162 153//164 154//159 157//144
s 0
f 153//165 155//165 156//165 154//165
o Cylinder.007
v -0.224518 2.907953 -7.093118
v -0.283060 2.863112 -7.112533
v -0.330375 2.811419 -7.142020
v -0.362986 2.752223 -7.178160
v -0.381994 2.687313 -7.215779
v -0.386670 2.619184 -7.253429
v -0.376834 2.550453 -7.289666
v -0.352863 2.483763 -7.323096
v -0.305658 2.422003 -7.352339
v -0.256691 2.366904 -7.376458
v -0.132019 2.943779 -7.092676
v -0.180877 2.918661 -7.121262
v -0.223127 2.881433 -7.154530
v -0.257148 2.833528 -7.191200
v -0.281630 2.776785 -7.229865
v -0.295632 2.713386 -7.269038
v -0.298618 2.645767 -7.307213
v -0.290472 2.576526 -7.342925
v -0.271507 2.508325 -7.374800
v -0.242452 2.443784 -7.401613
v -0.204424 2.385383 -7.422335
v -0.158883 2.335368 -7.436169
v -0.081569 2.966070 -7.107208
v -0.107595 2.944431 -7.138828
v -0.129834 2.910253 -7.174756
v -0.147430 2.864851 -7.213610
v -0.159708 2.809969 -7.253898
v -0.166196 2.747715 -7.294069
v -0.166644 2.680483 -7.332582
v -0.161036 2.610855 -7.367956
v -0.149586 2.541509 -7.398833
v -0.132735 2.475108 -7.424024
v -0.111130 2.414204 -7.442562
v -0.085602 2.361138 -7.453735
v -0.057131 2.317950 -7.457113
v -0.021849 2.970142 -7.109168
v -0.020895 2.950342 -7.141674
v -0.019485 2.917778 -7.178378
v -0.017673 2.873698 -7.217868
v -0.015530 2.819799 -7.258629
v -0.013137 2.758151 -7.299092
v -0.010587 2.691123 -7.337704
v -0.007977 2.621291 -7.372980
v -0.005408 2.551339 -7.403564
v -0.002978 2.483955 -7.428283
v -0.000781 2.421728 -7.446184
v 0.001099 2.367050 -7.456580
v 0.002589 2.322022 -7.459073
v 0.037962 2.969963 -7.106071
v 0.065937 2.950083 -7.137177
v 0.091031 2.917447 -7.172655
v 0.112280 2.873310 -7.211139
v 0.128866 2.819367 -7.251152
v 0.140153 2.757692 -7.291155
v 0.145706 2.690656 -7.329611
v 0.145313 2.620833 -7.365042
v 0.138988 2.550907 -7.396087
v 0.126975 2.483566 -7.421553
v 0.109735 2.421398 -7.440461
v 0.087931 2.366791 -7.452084
v 0.062400 2.321843 -7.455976
v 0.088758 2.965561 -7.098388
v 0.139681 2.943691 -7.126024
v 0.184889 2.909312 -7.158459
v 0.222645 2.863744 -7.194447
v 0.251497 2.808739 -7.232604
v 0.270337 2.746409 -7.271464
v 0.278441 2.679152 -7.309535
v 0.275498 2.609550 -7.345352
v 0.261620 2.540279 -7.377540
v 0.237340 2.474001 -7.404860
v 0.203593 2.413263 -7.426265
v 0.161674 2.360399 -7.440930
v 0.113195 2.317441 -7.448293
v 0.122805 2.957605 -7.087289
v 0.200215 2.926298 -7.090977
v 0.258905 2.888769 -7.119018
v 0.307726 2.840616 -7.151398
v 0.344800 2.783689 -7.186875
v 0.368703 2.720176 -7.224086
v 0.378516 2.652519 -7.261599
v 0.373863 2.583316 -7.297973
v 0.354922 2.515229 -7.331811
v 0.322421 2.450872 -7.361812
v 0.277609 2.392720 -7.386823
v 0.211103 2.348849 -7.424818
v 0.297189 2.863686 -7.096174
v 0.349946 2.812186 -7.124387
v 0.389945 2.752773 -7.156767
v 0.415650 2.687729 -7.192070
v 0.426072 2.619554 -7.228940
v 0.420810 2.550869 -7.265958
v 0.400068 2.484312 -7.301702
v 0.364641 2.422442 -7.334801
v 0.315892 2.367636 -7.363980
vn -0.4487 0.8306 -0.3297
vn -0.5096 0.7504 -0.4208
vn -0.5422 0.6640 -0.5150
vn -0.5566 0.5700 -0.6044
vn -0.5624 0.4748 -0.6769
vn -0.5645 0.3780 -0.7338
vn -0.5647 0.2748 -0.7782
vn -0.5701 0.1408 -0.8094
vn -0.5845 -0.0358 -0.8106
vn -0.5931 -0.1768 -0.7855
vn -0.3930 0.8978 -0.1988
vn -0.3878 0.8602 -0.3312
vn -0.4294 0.7606 -0.4869
vn -0.4446 0.6740 -0.5899
vn -0.4458 0.5844 -0.6780
vn -0.4429 0.4977 -0.7457
vn -0.4396 0.4116 -0.7983
vn -0.4370 0.3205 -0.8404
vn -0.4433 0.1967 -0.8745
vn -0.4592 0.0566 -0.8865
vn -0.4532 -0.0856 -0.8873
vn -0.3003 -0.0170 -0.9537
vn -0.1802 0.8847 -0.4299
vn -0.2590 0.8568 -0.4460
vn -0.2295 0.7440 -0.6275
vn -0.2085 0.6547 -0.7265
vn -0.1942 0.5830 -0.7889
vn -0.1841 0.5211 -0.8334
vn -0.1766 0.4635 -0.8683
vn -0.1708 0.4057 -0.8979
vn -0.1659 0.3432 -0.9245
vn -0.1610 0.2700 -0.9493
vn -0.1546 0.1771 -0.9720
vn -0.1407 0.0598 -0.9882
vn -0.0836 0.0228 -0.9962
vn -0.0226 0.8535 -0.5205
vn -0.0206 0.8045 -0.5936
vn -0.0164 0.7087 -0.7054
vn -0.0134 0.6356 -0.7719
vn -0.0110 0.5761 -0.8173
vn -0.0090 0.5240 -0.8517
vn -0.0072 0.4751 -0.8799
vn -0.0053 0.4259 -0.9048
vn -0.0034 0.3727 -0.9280
vn -0.0011 0.3107 -0.9505
vn 0.0016 0.2320 -0.9727
vn 0.0054 0.1213 -0.9926
vn 0.0078 0.0555 -0.9984
vn 0.0641 0.8661 -0.4958
vn 0.0963 0.8265 -0.5546
vn 0.1040 0.7270 -0.6787
vn 0.1076 0.6491 -0.7530
vn 0.1095 0.5851 -0.8036
vn 0.1106 0.5287 -0.8416
vn 0.1112 0.4757 -0.8726
vn 0.1115 0.4223 -0.8996
vn 0.1114 0.3646 -0.9245
vn 0.1109 0.2976 -0.9482
vn 0.1094 0.2129 -0.9709
vn 0.1060 0.0951 -0.9898
vn 0.0847 0.0381 -0.9957
vn 0.1892 0.9038 -0.3839
vn 0.2761 0.8813 -0.3836
vn 0.3167 0.7969 -0.5145
vn 0.3329 0.7013 -0.6303
vn 0.3393 0.6144 -0.7123
vn 0.3415 0.5342 -0.7733
vn 0.3420 0.4565 -0.8213
vn 0.3418 0.3767 -0.8610
vn 0.3411 0.2888 -0.8946
vn 0.3391 0.1847 -0.9224
vn 0.3155 0.1155 -0.9419
vn 0.2475 -0.0038 -0.9689
vn 0.1674 -0.0200 -0.9857
vn 0.3374 0.9231 -0.1845
vn 0.4154 0.8716 -0.2601
vn 0.5218 0.8260 -0.2131
vn 0.5712 0.7252 -0.3844
vn 0.5966 0.6183 -0.5116
vn 0.6040 0.5104 -0.6121
vn 0.5978 0.4033 -0.6928
vn 0.5805 0.2961 -0.7585
vn 0.5529 0.1868 -0.8120
vn 0.5148 0.0730 -0.8542
vn 0.4854 0.0057 -0.8743
vn 0.4062 -0.0024 -0.9138
vn 0.6136 0.7724 -0.1638
vn 0.6622 0.6811 -0.3124
vn 0.6890 0.5754 -0.4407
vn 0.6949 0.4668 -0.5470
vn 0.6834 0.3585 -0.6360
vn 0.6566 0.2516 -0.7111
vn 0.6153 0.1468 -0.7745
vn 0.5596 0.0447 -0.8276
vn 0.5142 -0.0179 -0.8575
s 1
f 171//172 170//171 181//182 182//183
f 165//166 175//176 176//177
f 172//173 171//172 182//183 183//184
f 166//167 165//166 176//177 177//178
f 173//174 172//173 183//184 184//185
f 167//168 166//167 177//178 178//179
f 174//175 173//174 184//185 185//186
f 168//169 167//168 178//179 179//180
f 169//170 168//169 179//180 180//181
f 170//171 169//170 180//181 181//182
f 186//187 185//186 197//198 198//199
f 180//181 179//180 191//192 192//193
f 181//182 180//181 192//193 193//194
f 182//183 181//182 193//194 194//195
f 176//177 175//176 187//188 188//189
f 183//184 182//183 194//195 195//196
f 177//178 176//177 188//189 189//190
f 184//185 183//184 195//196 196//197
f 178//179 177//178 189//190 190//191
f 185//186 184//185 196//197 197//198
f 179//180 178//179 190//191 191//192
f 196//197 195//196 208//209 209//210
f 190//191 189//190 202//203 203//204
f 197//198 196//197 209//210 210//211
f 191//192 190//191 203//204 204//205
f 198//199 197//198 210//211 211//212
f 192//193 191//192 204//205 205//206
f 199//200 198//199 211//212 212//213
f 193//194 192//193 205//206 206//207
f 194//195 193//194 206//207 207//208
f 188//189 187//188 200//201 201//202
f 195//196 194//195 207//208 208//209
f 189//190 188//189 201//202 202//203
f 207//208 206//207 219//220 220//221
f 201//202 200//201 213//214 214//215
f 208//209 207//208 220//221 221//222
f 202//203 201//202 214//215 215//216
f 209//210 208//209 221//222 222//223
f 203//204 202//203 215//216 216//217
f 210//211 209//210 222//223 223//224
f 204//205 203//204 216//217 217//218
f 211//212 210//211 223//224 224//225
f 205//206 204//205 217//218 218//219
f 212//213 211//212 224//225 225//226
f 206//207 205//206 218//219 219//220
f 224//225 223//224 236//237 237//238
f 218//219 217//218 230//231 231//232
f 225//226 224//225 237//238 238//239
f 219//220 218//219 231//232 232//233
f 220//221 219//220 232//233 233//234
f 214//215 213//214 226//227 227//228
f 221//222 220//221 233//234 234//235
f 215//216 214//215 227//228 228//229
f 222//223 221//222 234//235 235//236
f 216//217 215//216 228//229 229//230
f 223//224 222//223 235//236 236//237
f 217//218 216//217 229//230 230//231
f 235//236 234//235 247//248 248//249
f 229//230 228//229 241//242 242//243
f 236//237 235//236 248//249 249//250
f 230//231 229//230 242//243 243//244
f 237//238 236//237 249//250 250//251
f 231//232 230//231 243//244 244//245
f 232//233 231//232 244//245 245//246
f 233//234 232//233 245//246 246//247
f 227//228 226//227 239//240 240//241
f 234//235 233//234 246//247 247//248
f 228//229 227//228 240//241 241//242
f 246//247 245//246 255//256 256//257
f 247//248 246//247 256//257 257//258
f 241//242 240//241 251//252
f 248//249 247//248 257//258 258//259
f 242//243 241//242 251//252 252//253
f 249//250 248//249 258//259 259//260
f 243//244 242//243 252//253 253//254
f 244//245 243//244 253//254 254//255
f 245//246 244//245 254//255 255//256
f 259//260 250//251 249//250
f 250//251 238//239 237//238
f 186//187 174//175 185//186
f 199//200 186//187 198//199
o Cylinder.006
v -0.022019 2.959991 -7.120025
v -0.093548 2.950022 -7.127689
v -0.179598 2.910344 -7.114591
v -0.238256 2.868210 -7.124991
v -0.287973 2.817420 -7.142737
v -0.326838 2.759927 -7.167147
v -0.353359 2.697939 -7.197283
v -0.366516 2.633839 -7.231987
v -0.365803 2.570090 -7.269925
v -0.351248 2.509142 -7.309639
v -0.323410 2.453337 -7.349603
v -0.283359 2.404819 -7.388281
v -0.232634 2.365454 -7.424188
v -0.173185 2.336754 -7.455942
v -0.107295 2.319822 -7.482324
v -0.039450 2.322632 -7.521062
v 0.033138 2.320310 -7.521104
v 0.104667 2.330279 -7.513440
v 0.182338 2.327671 -7.457942
v 0.240470 2.350373 -7.420133
v 0.290226 2.384142 -7.378297
v 0.329696 2.427679 -7.334041
v 0.357362 2.479311 -7.289067
v 0.372161 2.537055 -7.245102
v 0.373525 2.598691 -7.203836
v 0.361401 2.661851 -7.166855
v 0.336254 2.724107 -7.135581
v 0.299052 2.783067 -7.111214
v 0.251224 2.836465 -7.094691
v 0.194607 2.882249 -7.086648
v 0.131379 2.918660 -7.087393
v 0.050568 2.957670 -7.120068
v -0.033002 2.606406 -6.557601
v -0.104531 2.596437 -6.565266
v -0.172250 2.574559 -6.580342
v -0.233559 2.541614 -6.602251
v -0.286101 2.498867 -6.630151
v -0.327856 2.447962 -6.662970
v -0.357220 2.390855 -6.699445
v -0.373065 2.329740 -6.738177
v -0.374782 2.266965 -6.777676
v -0.362305 2.204944 -6.816423
v -0.336112 2.146059 -6.852931
v -0.297212 2.092574 -6.885797
v -0.247098 2.046544 -6.913756
v -0.187697 2.009738 -6.935736
v -0.121291 1.983570 -6.950891
v -0.050433 1.969046 -6.958638
v 0.022156 1.966724 -6.958680
v 0.093684 1.976694 -6.951015
v 0.161404 1.998572 -6.935939
v 0.222712 2.031517 -6.914030
v 0.275254 2.074263 -6.886130
v 0.317009 2.125168 -6.853312
v 0.346374 2.182276 -6.816835
v 0.362219 2.243391 -6.778104
v 0.363935 2.306166 -6.738605
v 0.351458 2.368187 -6.699857
v 0.325265 2.427072 -6.663349
v 0.286365 2.480556 -6.630484
v 0.236251 2.526587 -6.602524
v 0.176850 2.563393 -6.580545
v 0.110444 2.589561 -6.565391
v 0.039585 2.604084 -6.557643
v 0.033630 1.832090 -5.763755
v -0.181459 1.825241 -5.806045
v -0.244195 2.173486 -6.019188
v -0.298909 2.268382 -6.254376
v -0.341485 2.216475 -6.287839
v -0.371427 2.158245 -6.325033
v -0.387584 2.095928 -6.364526
v -0.389334 2.031919 -6.404801
v -0.376611 1.968678 -6.444311
v -0.349904 1.908636 -6.481537
v -0.310239 1.854099 -6.515049
v -0.259140 1.807164 -6.543558
v -0.201644 1.614899 -6.325039
v -0.131931 1.673907 -6.214594
v 0.087234 1.681890 -6.216014
v 0.158534 1.619765 -6.359438
v 0.219910 1.791841 -6.543837
v 0.273485 1.835428 -6.515388
v 0.316061 1.887334 -6.481925
v 0.346003 1.945565 -6.444731
v 0.362159 2.007882 -6.405238
v 0.363910 2.071891 -6.364963
v 0.351187 2.135131 -6.325453
v 0.324479 2.195174 -6.288227
v 0.284814 2.249711 -6.254715
v 0.233715 2.296646 -6.226206
v 0.173145 2.334176 -6.203794
v 0.106572 2.222375 -5.981603
v -0.033574 2.611760 -6.552169
v -0.106509 2.601594 -6.559984
v -0.175560 2.579287 -6.575357
v -0.238074 2.545694 -6.597697
v -0.291649 2.502106 -6.626146
v -0.334226 2.450200 -6.659610
v -0.364167 2.391970 -6.696803
v -0.380324 2.329653 -6.736296
v -0.382075 2.265644 -6.776571
v -0.369352 2.202403 -6.816081
v -0.342644 2.142360 -6.853307
v -0.302979 2.087824 -6.886819
v -0.251880 2.040889 -6.915328
v -0.191311 2.003359 -6.937740
v -0.123599 1.976676 -6.953192
v -0.051347 1.961867 -6.961092
v 0.022669 1.959499 -6.961135
v 0.095604 1.969665 -6.953320
v 0.164655 1.991973 -6.937947
v 0.227170 2.025566 -6.915607
v 0.280744 2.069153 -6.887158
v 0.323321 2.121059 -6.853694
v 0.353263 2.179289 -6.816501
v 0.369419 2.241606 -6.777008
v 0.371170 2.305615 -6.736733
v 0.358447 2.368856 -6.697223
v 0.331739 2.428899 -6.659997
v 0.292074 2.483436 -6.626485
v 0.240975 2.530371 -6.597976
v 0.180405 2.567901 -6.575564
v 0.112693 2.594583 -6.560112
v 0.040441 2.609392 -6.552212
v -0.032328 2.651873 -6.615975
v -0.105263 2.641708 -6.623791
v -0.174314 2.619400 -6.639163
v -0.236828 2.585807 -6.661503
v -0.290403 2.542220 -6.689952
v -0.332980 2.490314 -6.723416
v -0.362921 2.432083 -6.760609
v -0.379078 2.369766 -6.800102
v -0.380828 2.305757 -6.840377
v -0.368106 2.242517 -6.879888
v -0.341398 2.182474 -6.917113
v -0.301733 2.127937 -6.950625
v -0.250634 2.081002 -6.979135
v -0.190065 2.043472 -7.001546
v -0.122353 2.016790 -7.016999
v -0.050101 2.001980 -7.024898
v 0.023915 1.999613 -7.024941
v 0.096850 2.009778 -7.017126
v 0.165901 2.032086 -7.001753
v 0.228416 2.065679 -6.979413
v 0.281990 2.109266 -6.950964
v 0.324567 2.161172 -6.917501
v 0.354509 2.219403 -6.880308
v 0.370665 2.281720 -6.840815
v 0.372416 2.345729 -6.800539
v 0.359693 2.408970 -6.761029
v 0.332985 2.469012 -6.723803
v 0.293320 2.523549 -6.690291
v 0.242221 2.570484 -6.661782
v 0.181651 2.608014 -6.639370
v 0.113939 2.634696 -6.623918
v 0.041687 2.649506 -6.616018
v -0.032335 3.161306 -7.174569
v -0.132027 3.147412 -7.185251
v -0.257936 3.091094 -7.166973
v -0.339689 3.032371 -7.181468
v -0.408981 2.961584 -7.206201
v -0.463149 2.881453 -7.240222
v -0.500112 2.795059 -7.282223
v -0.518449 2.705721 -7.330591
v -0.517455 2.616872 -7.383466
v -0.497170 2.531927 -7.438817
v -0.458371 2.454150 -7.494516
v -0.402551 2.386530 -7.548424
v -0.331854 2.331666 -7.598468
v -0.248997 2.291665 -7.642725
v -0.157165 2.268066 -7.679494
v -0.056629 2.272999 -7.733506
v 0.044540 2.269763 -7.733565
v 0.144231 2.283657 -7.722883
v 0.260234 2.279842 -7.644181
v 0.341254 2.311483 -7.591486
v 0.410601 2.358547 -7.533178
v 0.465611 2.419226 -7.471498
v 0.504170 2.491188 -7.408815
v 0.524796 2.571668 -7.347540
v 0.526697 2.657572 -7.290027
v 0.509799 2.745599 -7.238486
v 0.474751 2.832367 -7.194897
v 0.422901 2.914542 -7.160936
v 0.356241 2.988964 -7.137908
v 0.277333 3.052775 -7.126698
v 0.189210 3.103522 -7.127737
v 0.068832 3.158071 -7.174628
v -0.031803 2.645008 -6.619002
v -0.103332 2.635038 -6.626667
v -0.171051 2.613161 -6.641743
v -0.232360 2.580215 -6.663652
v -0.284902 2.537469 -6.691552
v -0.326657 2.486564 -6.724370
v -0.356021 2.429456 -6.760846
v -0.371866 2.368341 -6.799578
v -0.373583 2.305567 -6.839077
v -0.361106 2.243546 -6.877824
v -0.334913 2.184661 -6.914332
v -0.296013 2.131176 -6.947198
v -0.245899 2.085146 -6.975157
v -0.186498 2.048340 -6.997137
v -0.120092 2.022172 -7.012291
v -0.049234 2.007648 -7.020039
v 0.023355 2.005326 -7.020081
v 0.094883 2.015296 -7.012416
v 0.162603 2.037173 -6.997340
v 0.223911 2.070118 -6.975430
v 0.276453 2.112865 -6.947531
v 0.318208 2.163770 -6.914712
v 0.347573 2.220878 -6.878236
v 0.363418 2.281993 -6.839505
v 0.365134 2.344767 -6.800006
v 0.352657 2.406789 -6.761258
v 0.326465 2.465673 -6.724750
v 0.287564 2.519158 -6.691885
v 0.237450 2.565188 -6.663925
v 0.178049 2.601994 -6.641946
v 0.111643 2.628162 -6.626791
v 0.040784 2.642686 -6.619044
v -0.096432 2.925995 -7.075986
v -0.171200 2.887391 -7.063004
v -0.231011 2.844429 -7.073608
v -0.281706 2.792640 -7.091703
v -0.321336 2.734016 -7.116593
v -0.348378 2.670810 -7.147322
v -0.361794 2.605449 -7.182708
v -0.361067 2.540446 -7.221392
v -0.346226 2.478300 -7.261887
v -0.317840 2.421398 -7.302637
v -0.277002 2.371926 -7.342076
v -0.225279 2.331787 -7.378688
v -0.164661 2.302523 -7.411067
v -0.097475 2.285258 -7.437968
v -0.041271 2.286267 -7.477094
v 0.032745 2.283900 -7.477137
v 0.105680 2.294065 -7.469322
v 0.167874 2.291905 -7.415868
v 0.227148 2.315054 -7.377316
v 0.277883 2.349486 -7.334657
v 0.318129 2.393879 -7.289531
v 0.346339 2.446527 -7.243672
v 0.361430 2.505407 -7.198843
v 0.362820 2.568255 -7.156766
v 0.350457 2.632657 -7.119058
v 0.324816 2.696137 -7.087168
v 0.286882 2.756256 -7.062322
v 0.238113 2.810704 -7.045475
v 0.180384 2.857389 -7.037273
v 0.115912 2.894516 -7.038033
v 0.050518 2.933793 -7.068214
v -0.023497 2.936160 -7.068171
v -0.022967 2.929485 -7.071501
v -0.094495 2.919516 -7.079165
v -0.167627 2.881773 -7.066357
v -0.226285 2.839638 -7.076756
v -0.276002 2.788849 -7.094503
v -0.314868 2.731355 -7.118913
v -0.341388 2.669368 -7.149049
v -0.354545 2.605268 -7.183753
v -0.353832 2.541518 -7.221690
v -0.339277 2.480571 -7.261405
v -0.311439 2.424766 -7.301369
v -0.271388 2.376248 -7.340047
v -0.220663 2.336883 -7.375953
v -0.161214 2.308183 -7.407708
v -0.095324 2.291251 -7.434090
v -0.040398 2.292125 -7.472537
v 0.032191 2.289803 -7.472579
v 0.103719 2.299773 -7.464915
v 0.164506 2.297634 -7.412488
v 0.222637 2.320337 -7.374680
v 0.272394 2.354105 -7.332844
v 0.311864 2.397642 -7.288588
v 0.339530 2.449275 -7.243614
v 0.354329 2.507019 -7.199649
v 0.355693 2.568655 -7.158383
v 0.343568 2.631814 -7.121402
v 0.318422 2.694070 -7.090127
v 0.281219 2.753030 -7.065761
v 0.233391 2.806428 -7.049238
v 0.176775 2.852213 -7.041195
v 0.113546 2.888623 -7.041940
v 0.049621 2.927163 -7.071543
vn -0.0729 0.8450 0.5298
vn -0.2326 0.8200 0.5229
vn -0.2471 0.8187 0.5183
vn -0.4438 0.7247 0.5271
vn -0.4348 0.7491 0.4999
vn -0.6404 0.5806 0.5028
vn -0.6309 0.6274 0.4565
vn -0.7719 0.4443 0.4547
vn -0.7705 0.5026 0.3921
vn -0.8731 0.2926 0.3900
vn -0.8793 0.3592 0.3126
vn -0.9411 0.1314 0.3114
vn -0.9538 0.2031 0.2213
vn -0.9745 -0.0336 0.2219
vn -0.9917 0.0399 0.1223
vn -0.9725 -0.1968 0.1248
vn -0.9920 -0.1246 0.0192
vn -0.9354 -0.3530 0.0231
vn -0.9549 -0.2847 -0.0841
vn -0.8642 -0.4968 -0.0798
vn -0.8815 -0.4348 -0.1841
vn -0.7609 -0.6233 -0.1804
vn -0.7740 -0.5692 -0.2772
vn -0.6283 -0.7277 -0.2751
vn -0.6359 -0.6826 -0.3601
vn -0.4706 -0.8054 -0.3603
vn -0.4720 -0.7698 -0.4297
vn -0.3280 -0.8364 -0.4392
vn -0.3292 -0.8116 -0.4826
vn -0.1379 -0.8476 -0.5125
vn -0.1534 -0.8417 -0.5176
vn 0.0729 -0.8450 -0.5298
vn 0.2428 -0.8325 -0.4981
vn 0.2620 -0.8258 -0.4994
vn 0.4350 -0.8119 -0.3894
vn 0.4378 -0.7845 -0.4392
vn 0.6028 -0.7538 -0.2616
vn 0.6065 -0.7150 -0.3476
vn 0.7339 -0.6625 -0.1499
vn 0.7491 -0.6106 -0.2571
vn 0.8362 -0.5473 -0.0336
vn 0.8616 -0.4825 -0.1577
vn 0.9069 -0.4130 0.0829
vn 0.9402 -0.3365 -0.0528
vn 0.9443 -0.2645 0.1957
vn 0.9824 -0.1786 0.0540
vn 0.9476 -0.1070 0.3010
vn 0.9871 -0.0148 0.1593
vn 0.9168 0.0543 0.3956
vn 0.9542 0.1490 0.2594
vn 0.8529 0.2142 0.4762
vn 0.8847 0.3070 0.3507
vn 0.7574 0.3673 0.5399
vn 0.7809 0.4538 0.4294
vn 0.6329 0.5081 0.5841
vn 0.6461 0.5838 0.4917
vn 0.4834 0.6311 0.6067
vn 0.4852 0.6920 0.5346
vn 0.3004 0.7497 0.5897
vn 0.3026 0.7829 0.5436
vn 0.0552 0.5309 -0.8456
vn 0.1189 0.8329 0.5406
vn 0.0993 0.8321 0.5456
vn -0.1992 0.5982 -0.7762
vn -0.1764 0.6315 -0.7551
vn -0.1462 0.6604 -0.7366
vn -0.1097 0.6838 -0.7214
vn -0.0683 0.7008 -0.7100
vn -0.0237 0.7108 -0.7030
vn 0.0224 0.7132 -0.7006
vn 0.0683 0.7081 -0.7028
vn 0.1122 0.6956 -0.7096
vn 0.1523 0.6762 -0.7208
vn 0.1872 0.6508 -0.7358
vn 0.2155 0.6202 -0.7542
vn 0.2362 0.5857 -0.7753
vn 0.2484 0.5487 -0.7983
vn 0.2517 0.5105 -0.8222
vn 0.2459 0.4726 -0.8463
vn 0.2314 0.4364 -0.8695
vn 0.2085 0.4033 -0.8910
vn 0.1783 0.3747 -0.9099
vn 0.1418 0.3515 -0.9254
vn 0.1005 0.3346 -0.9370
vn 0.0559 0.3248 -0.9441
vn 0.0098 0.3223 -0.9466
vn -0.0361 0.3274 -0.9442
vn -0.0800 0.3397 -0.9371
vn -0.1202 0.3588 -0.9256
vn -0.1551 0.3840 -0.9102
vn -0.1834 0.4144 -0.8914
vn -0.2040 0.4487 -0.8701
vn -0.2162 0.4857 -0.8470
vn -0.2195 0.5239 -0.8230
vn -0.2138 0.5619 -0.7991
vn 0.4957 0.5091 0.7036
vn -0.0753 0.7060 0.7042
vn -0.2530 0.6862 0.6820
vn -0.6920 0.4402 0.5721
vn 0.0873 0.7344 0.6731
vn -0.0564 0.8056 0.5898
vn -0.3924 0.5918 0.7041
vn -0.7487 0.5657 0.3457
vn -0.7588 0.5405 0.3634
vn -0.8745 0.4181 0.2458
vn -0.9308 0.1831 0.3165
vn -0.9515 0.2684 0.1501
vn -0.8106 -0.0605 0.5824
vn -0.9928 0.1095 0.0495
vn -0.8459 -0.1938 0.4968
vn -0.9972 -0.0529 -0.0527
vn -0.8499 -0.3306 0.4104
vn -0.9649 -0.2134 -0.1530
vn -0.8224 -0.4661 0.3262
vn -0.8968 -0.3665 -0.2479
vn -0.7645 -0.5954 0.2470
vn -0.7948 -0.5067 -0.3341
vn -0.6779 -0.7138 0.1758
vn -0.6641 -0.6267 -0.4076
vn -0.7811 -0.5929 -0.1957
vn -0.0804 -0.8658 -0.4939
vn -0.4363 -0.8619 -0.2584
vn 0.1127 -0.9049 -0.4104
vn 0.1913 -0.9028 -0.3852
vn -0.0937 -0.9263 -0.3649
vn 0.0838 -0.9305 -0.3565
vn -0.2023 -0.9022 -0.3810
vn -0.1937 -0.8979 -0.3952
vn 0.0148 -0.8703 -0.4923
vn 0.3886 -0.9032 -0.1825
vn 0.6406 -0.6536 -0.4031
vn 0.7753 -0.6168 -0.1360
vn 0.7637 -0.5532 -0.3328
vn 0.6331 -0.7532 0.1785
vn 0.8745 -0.4181 -0.2458
vn 0.7272 -0.6393 0.2501
vn 0.9515 -0.2684 -0.1501
vn 0.7928 -0.5127 0.3294
vn 0.9928 -0.1095 -0.0495
vn 0.8281 -0.3785 0.4135
vn 0.9972 0.0529 0.0527
vn 0.8321 -0.2414 0.4994
vn 0.9649 0.2134 0.1530
vn 0.8047 -0.1062 0.5841
vn 0.8968 0.3665 0.2479
vn 0.7467 0.0221 0.6648
vn 0.7948 0.5067 0.3341
vn 0.6600 0.1392 0.7382
vn 0.6618 0.6288 0.4082
vn 0.7830 0.3623 0.5056
vn 0.4918 0.7317 0.4720
vn 0.5026 0.7145 0.4867
vn -0.1962 0.7952 0.5738
vn 0.2254 0.6016 0.7663
vn -0.3644 0.6856 0.6303
vn -0.0743 0.6715 0.7373
vn -0.0553 0.9977 0.0382
vn -0.2861 0.9572 -0.0444
vn -0.1855 0.6450 0.7413
vn -0.5127 0.8573 0.0465
vn -0.3569 0.6120 0.7057
vn -0.6524 0.7573 -0.0284
vn -0.5711 0.4937 0.6558
vn -0.7605 0.6444 -0.0804
vn -0.7148 0.3789 0.5878
vn -0.8424 0.5196 -0.1429
vn -0.8284 0.2429 0.5048
vn -0.8967 0.3876 -0.2136
vn -0.9072 0.0913 0.4107
vn -0.9232 0.2522 -0.2901
vn -0.9482 -0.0698 0.3100
vn -0.9215 0.1171 -0.3702
vn -0.9499 -0.2342 0.2068
vn -0.8921 -0.0141 -0.4517
vn -0.9124 -0.3956 0.1053
vn -0.8351 -0.1379 -0.5326
vn -0.8367 -0.5476 0.0096
vn -0.7513 -0.2507 -0.6105
vn -0.7257 -0.6837 -0.0767
vn -0.6420 -0.3484 -0.6829
vn -0.5836 -0.7980 -0.1502
vn -0.5096 -0.4268 -0.7471
vn -0.4164 -0.8850 -0.2081
vn -0.4371 -0.4911 -0.7535
vn -0.2367 -0.9323 -0.2736
vn -0.2338 -0.4366 -0.8687
vn -0.0549 -0.9707 -0.2339
vn 0.0718 -0.5022 -0.8618
vn 0.0654 -0.9621 -0.2648
vn 0.3413 -0.3965 -0.8522
vn 0.1442 -0.9632 -0.2269
vn 0.5557 -0.4619 -0.6913
vn 0.3245 -0.9154 -0.2382
vn 0.6744 -0.3539 -0.6481
vn 0.5273 -0.8374 -0.1442
vn 0.7822 -0.2585 -0.5669
vn 0.6786 -0.7313 -0.0684
vn 0.8633 -0.1482 -0.4824
vn 0.7998 -0.5999 0.0196
vn 0.9172 -0.0277 -0.3975
vn 0.8857 -0.4495 0.1165
vn 0.9442 0.0988 -0.3143
vn 0.9326 -0.2871 0.2186
vn 0.9449 0.2282 -0.2347
vn 0.9391 -0.1198 0.3220
vn 0.9201 0.3574 -0.1601
vn 0.9051 0.0456 0.4228
vn 0.8702 0.4839 -0.0921
vn 0.8318 0.2026 0.5168
vn 0.7957 0.6049 -0.0325
vn 0.7221 0.3449 0.5997
vn 0.6969 0.7170 0.0168
vn 0.5805 0.4668 0.6672
vn 0.5751 0.8163 0.0532
vn 0.4130 0.5632 0.7157
vn 0.4529 0.8838 0.1175
vn 0.1974 0.6567 0.7279
vn 0.0143 0.6494 0.7603
vn 0.2338 0.9718 -0.0314
vn -0.1724 0.8354 0.5219
vn -0.3649 0.7914 0.4904
vn -0.5420 0.7162 0.4397
vn -0.6966 0.6134 0.3720
vn -0.8231 0.4878 0.2906
vn -0.9174 0.3447 0.1988
vn -0.9767 0.1897 0.1002
vn -0.9996 0.0284 -0.0017
vn -0.9856 -0.1337 -0.1033
vn -0.9352 -0.2912 -0.2013
vn -0.8499 -0.4385 -0.2923
vn -0.7319 -0.5703 -0.3729
vn -0.5850 -0.6814 -0.4398
vn -0.4141 -0.7669 -0.4902
vn -0.2257 -0.8228 -0.5217
vn -0.0274 -0.8460 -0.5324
vn 0.1724 -0.8354 -0.5219
vn 0.3649 -0.7914 -0.4904
vn 0.5420 -0.7162 -0.4397
vn 0.6966 -0.6134 -0.3720
vn 0.8231 -0.4878 -0.2906
vn 0.9174 -0.3447 -0.1988
vn 0.9767 -0.1897 -0.1002
vn 0.9996 -0.0284 0.0017
vn 0.9856 0.1337 0.1033
vn 0.9352 0.2912 0.2013
vn 0.8499 0.4385 0.2923
vn 0.7319 0.5703 0.3729
vn 0.5850 0.6814 0.4398
vn 0.4141 0.7669 0.4902
vn 0.0274 0.8460 0.5324
vn 0.2257 0.8228 0.5217
vn -0.1640 -0.5221 0.8369
vn -0.1604 -0.4984 0.8520
vn -0.1513 -0.4757 0.8665
vn -0.1370 -0.4549 0.8799
vn -0.1180 -0.4369 0.8917
vn -0.0951 -0.4224 0.9014
vn -0.0692 -0.4118 0.9086
vn -0.0413 -0.4057 0.9131
vn -0.0124 -0.4041 0.9146
vn 0.0164 -0.4073 0.9132
vn 0.0438 -0.4150 0.9088
vn 0.0690 -0.4270 0.9016
vn 0.0909 -0.4428 0.8920
vn 0.1087 -0.4619 0.8803
vn 0.1216 -0.4834 0.8669
vn 0.1293 -0.5066 0.8525
vn 0.1313 -0.5305 0.8374
vn 0.1277 -0.5543 0.8224
vn 0.1186 -0.5771 0.8080
vn 0.1043 -0.5979 0.7948
vn 0.0853 -0.6160 0.7831
vn 0.0624 -0.6306 0.7736
vn 0.0365 -0.6413 0.7665
vn 0.0086 -0.6475 0.7621
vn -0.0203 -0.6490 0.7605
vn -0.0491 -0.6458 0.7619
vn -0.1620 -0.5461 0.8219
vn -0.1543 -0.5693 0.8075
vn -0.1414 -0.5909 0.7943
vn -0.1236 -0.6100 0.7827
vn -0.1017 -0.6259 0.7732
vn -0.0766 -0.6380 0.7662
vn -0.2600 0.8190 0.5115
vn -0.4547 0.7559 0.4710
vn -0.6384 0.6561 0.4026
vn -0.7774 0.5412 0.3205
vn -0.8845 0.4077 0.2266
vn -0.9571 0.2611 0.1254
vn -0.9941 0.1066 0.0211
vn -0.9953 -0.0510 -0.0827
vn -0.9611 -0.2071 -0.1825
vn -0.8925 -0.3570 -0.2755
vn -0.7907 -0.4959 -0.3589
vn -0.6580 -0.6183 -0.4298
vn -0.4979 -0.7186 -0.4855
vn -0.3449 -0.7845 -0.5154
vn -0.1539 -0.8331 -0.5312
vn 0.2765 -0.8155 -0.5084
vn 0.4675 -0.7499 -0.4681
vn 0.6330 -0.6550 -0.4128
vn 0.7733 -0.5337 -0.3425
vn 0.8812 -0.3938 -0.2614
vn 0.9548 -0.2421 -0.1725
vn 0.9934 -0.0846 -0.0780
vn 0.9971 0.0736 0.0197
vn 0.9664 0.2284 0.1183
vn 0.9015 0.3756 0.2149
vn 0.8032 0.5111 0.3060
vn 0.6729 0.6303 0.3873
vn 0.5137 0.7278 0.4543
vn 0.3340 0.7976 0.5022
vn 0.1339 0.8383 0.5285
vn -0.2598 0.8190 0.5116
vn -0.4546 0.7560 0.4710
vn -0.6384 0.6561 0.4025
vn -0.7774 0.5412 0.3204
vn -0.8846 0.4077 0.2266
vn -0.9941 0.1065 0.0211
vn -0.9953 -0.0511 -0.0826
vn -0.9611 -0.2072 -0.1824
vn -0.8925 -0.3572 -0.2754
vn -0.7907 -0.4960 -0.3588
vn -0.6580 -0.6184 -0.4298
vn -0.3455 -0.7843 -0.5153
vn -0.1546 -0.8330 -0.5312
vn 0.2767 -0.8155 -0.5084
vn 0.4677 -0.7498 -0.4680
vn 0.7732 -0.5337 -0.3424
vn 0.8812 -0.3940 -0.2613
vn 0.9548 -0.2424 -0.1722
vn 0.9934 -0.0849 -0.0776
vn 0.9971 0.0734 0.0201
vn 0.9664 0.2282 0.1187
vn 0.9015 0.3755 0.2152
vn 0.8032 0.5110 0.3062
vn 0.6729 0.6302 0.3874
vn 0.3342 0.7976 0.5022
vn 0.1341 0.8383 0.5285
vn -0.3453 0.8452 -0.4080
vn -0.4407 0.7570 -0.4823
vn -0.2298 0.9112 -0.3420
vn -0.5110 0.6505 -0.5619
vn -0.5521 0.5304 -0.6434
vn -0.5615 0.4024 -0.7230
vn -0.5386 0.2724 -0.7973
vn -0.4841 0.1466 -0.8627
vn -0.4005 0.0309 -0.9158
vn -0.2920 -0.0692 -0.9539
vn -0.1642 -0.1494 -0.9751
vn 0.0694 -0.2327 -0.9701
vn 0.1243 -0.2719 -0.9543
vn 0.0639 -0.2579 -0.9640
vn 0.0608 -0.2688 -0.9613
vn 0.1318 -0.2224 -0.9660
vn 0.3391 -0.1118 -0.9341
vn 0.4476 -0.0179 -0.8940
vn 0.5330 0.0921 -0.8411
vn 0.5913 0.2133 -0.7777
vn 0.6199 0.3403 -0.7070
vn 0.6176 0.4678 -0.6322
vn 0.5848 0.5901 -0.5565
vn 0.5231 0.7020 -0.4832
vn 0.4354 0.7988 -0.4153
vn -0.0089 0.9674 -0.2531
vn 0.0349 0.9771 -0.2100
vn -0.0399 0.9716 -0.2333
vn 0.3257 0.8762 -0.3553
vn 0.1994 0.9310 -0.3057
vn -0.0073 0.9677 -0.2521
vn -0.0714 0.9726 -0.2215
s 1
f 512//261 260//261 261//262 513//263
f 513//263 261//262 262//264 514//265
f 514//265 262//264 263//266 515//267
f 515//267 263//266 264//268 516//269
f 516//269 264//268 265//270 517//271
f 517//271 265//270 266//272 518//273
f 518//273 266//272 267//274 519//275
f 519//275 267//274 268//276 520//277
f 520//277 268//276 269//278 521//279
f 521//279 269//278 270//280 522//281
f 522//281 270//280 271//282 523//283
f 523//283 271//282 272//284 524//285
f 524//285 272//284 273//286 525//287
f 525//287 273//286 274//288 526//289
f 526//289 274//288 275//290 527//291
f 527//291 275//290 276//292 528//292
f 528//292 276//292 277//293 529//294
f 529//294 277//293 278//295 530//296
f 530//296 278//295 279//297 531//298
f 531//298 279//297 280//299 532//300
f 532//300 280//299 281//301 533//302
f 533//302 281//301 282//303 534//304
f 534//304 282//303 283//305 535//306
f 535//306 283//305 284//307 536//308
f 536//308 284//307 285//309 537//310
f 537//310 285//309 286//311 538//312
f 538//312 286//311 287//313 539//314
f 539//314 287//313 288//315 540//316
f 540//316 288//315 289//317 541//318
f 541//318 289//317 290//319 542//320
f 261//321 260//321 291//321 290//321 289//321 288//321 287//321 286//321 285//321 284//321 283//321 282//321 281//321 280//321 279//321 278//321 277//321 276//321 275//321 274//321 273//321 272//321 271//321 270//321 269//321 268//321 267//321 266//321 265//321 264//321 263//321 262//321
f 543//322 291//323 260//261 512//261
f 542//320 290//319 291//323 543//322
s 0
f 297//324 298//324 358//324 357//324
f 296//325 297//325 357//325 356//325
f 295//326 296//326 356//326 355//326
f 294//327 295//327 355//327 354//327
f 293//328 294//328 354//328 353//328
f 292//329 293//329 353//329 352//329
f 323//330 292//330 352//330 383//330
f 322//331 323//331 383//331 382//331
f 321//332 322//332 382//332 381//332
f 320//333 321//333 381//333 380//333
f 319//334 320//334 380//334 379//334
f 318//335 319//335 379//335 378//335
f 317//336 318//336 378//336 377//336
f 316//337 317//337 377//337 376//337
f 315//338 316//338 376//338 375//338
f 314//339 315//339 375//339 374//339
f 313//340 314//340 374//340 373//340
f 312//341 313//341 373//341 372//341
f 311//342 312//342 372//342 371//342
f 310//343 311//343 371//343 370//343
f 309//344 310//344 370//344 369//344
f 308//345 309//345 369//345 368//345
f 307//346 308//346 368//346 367//346
f 306//347 307//347 367//347 366//347
f 305//348 306//348 366//348 365//348
f 304//349 305//349 365//349 364//349
f 303//350 304//350 364//350 363//350
f 302//351 303//351 363//351 362//351
f 301//352 302//352 362//352 361//352
f 300//353 301//353 361//353 360//353
f 299//354 300//354 360//354 359//354
f 298//355 299//355 359//355 358//355
s 1
f 324//356 352//357 353//358 325//359
f 325//359 353//358 354//360
f 325//359 354//360 355//361 326//362
f 326//362 355//361 356//363 327//364
f 327//364 356//363 357//365 328//366
f 328//366 357//365 358//367 329//368
f 329//368 358//367 359//369 330//370
f 330//370 359//369 360//371 331//372
f 331//372 360//371 361//373 332//374
f 332//374 361//373 362//375 333//376
f 333//376 362//375 363//377 334//378
f 334//378 363//377 364//379 335//380
f 335//380 364//379 365//381 336//382
f 336//382 365//381 366//383 337//384
f 337//384 366//383 367//385
f 337//384 367//385 368//386 338//387
f 338//387 368//386 369//388
f 338//387 369//388 370//389 339//390
f 339//390 370//389 371//391 340//392
f 340//392 371//391 372//393 341//394
f 341//394 372//393 373//395 342//396
f 342//396 373//395 374//397 343//398
f 343//398 374//397 375//399 344//400
f 344//400 375//399 376//401 345//402
f 345//402 376//401 377//403 346//404
f 346//404 377//403 378//405 347//406
f 347//406 378//405 379//407 348//408
f 348//408 379//407 380//409 349//410
f 349//410 380//409 381//411 350//412
f 350//412 381//411 382//413 351//414
f 324//356 383//415 352//357
f 351//414 382//413 383//415 324//356
f 511//416 416//417 417//418 480//419
f 480//419 417//418 418//420 481//421
f 481//421 418//420 419//422 482//423
f 482//423 419//422 420//424 483//425
f 483//425 420//424 421//426 484//427
f 484//427 421//426 422//428 485//429
f 485//429 422//428 423//430 486//431
f 486//431 423//430 424//432 487//433
f 487//433 424//432 425//434 488//435
f 488//435 425//434 426//436 489//437
f 489//437 426//436 427//438 490//439
f 490//439 427//438 428//440 491//441
f 491//441 428//440 429//442 492//443
f 492//443 429//442 430//444 493//445
f 493//445 430//444 431//446 494//447
f 494//447 431//446 432//448 495//449
f 495//449 432//448 433//450 496//451
f 496//451 433//450 434//452 497//453
f 497//453 434//452 435//454 498//455
f 498//455 435//454 436//456 499//457
f 499//457 436//456 437//458 500//459
f 500//459 437//458 438//460 501//461
f 501//461 438//460 439//462 502//463
f 502//463 439//462 440//464 503//465
f 503//465 440//464 441//466 504//467
f 504//467 441//466 442//468 505//469
f 505//469 442//468 443//470 506//471
f 506//471 443//470 444//472 507//473
f 507//473 444//472 445//474 508//475
f 508//475 445//474 446//476 509//477
f 510//478 447//479 416//417 511//416
f 509//477 446//476 447//479 510//478
s 0
f 292//480 448//480 449//480 293//480
f 293//481 449//481 450//481 294//481
f 294//482 450//482 451//482 295//482
f 295//483 451//483 452//483 296//483
f 296//484 452//484 453//484 297//484
f 297//485 453//485 454//485 298//485
f 298//486 454//486 455//486 299//486
f 299//487 455//487 456//487 300//487
f 300//488 456//488 457//488 301//488
f 301//489 457//489 458//489 302//489
f 302//490 458//490 459//490 303//490
f 303//491 459//491 460//491 304//491
f 304//492 460//492 461//492 305//492
f 305//493 461//493 462//493 306//493
f 306//494 462//494 463//494 307//494
f 307//495 463//495 464//495 308//495
f 308//496 464//496 465//496 309//496
f 309//497 465//497 466//497 310//497
f 310//498 466//498 467//498 311//498
f 311//499 467//499 468//499 312//499
f 312//500 468//500 469//500 313//500
f 313//501 469//501 470//501 314//501
f 314//502 470//502 471//502 315//502
f 315//503 471//503 472//503 316//503
f 316//504 472//504 473//504 317//504
f 317//505 473//505 474//505 318//505
f 318//506 474//506 475//506 319//506
f 319//507 475//507 476//507 320//507
f 320//508 476//508 477//508 321//508
f 321//509 477//509 478//509 322//509
f 323//510 479//510 448//510 292//510
f 322//511 478//511 479//511 323//511
f 392//512 456//512 455//512 391//512
f 391//513 455//513 454//513 390//513
f 390//514 454//514 453//514 389//514
f 389//515 453//515 452//515 388//515
f 388//516 452//516 451//516 387//516
f 387//517 451//517 450//517 386//517
f 386//518 450//518 449//518 385//518
f 385//519 449//519 448//519 384//519
f 479//520 415//520 384//520 448//520
f 478//521 414//521 415//521 479//521
f 477//522 413//522 414//522 478//522
f 476//523 412//523 413//523 477//523
f 475//524 411//524 412//524 476//524
f 474//525 410//525 411//525 475//525
f 410//526 474//526 473//526 409//526
f 409//527 473//527 472//527 408//527
f 471//528 407//528 408//528 472//528
f 470//529 406//529 407//529 471//529
f 469//530 405//530 406//530 470//530
f 468//531 404//531 405//531 469//531
f 467//532 403//532 404//532 468//532
f 403//533 467//533 466//533 402//533
f 465//534 401//534 402//534 466//534
f 464//535 400//535 401//535 465//535
f 400//536 464//536 463//536 399//536
f 399//537 463//537 462//537 398//537
f 393//538 457//538 456//538 392//538
f 394//539 458//539 457//539 393//539
f 395//540 459//540 458//540 394//540
f 396//541 460//541 459//541 395//541
f 397//542 461//542 460//542 396//542
f 398//543 462//543 461//543 397//543
s 1
f 384//261 511//416 480//419 385//544
f 385//544 480//419 481//421 386//545
f 386//545 481//421 482//423 387//546
f 387//546 482//423 483//425 388//547
f 388//547 483//425 484//427 389//548
f 389//548 484//427 485//429 390//549
f 390//549 485//429 486//431 391//550
f 391//550 486//431 487//433 392//551
f 392//551 487//433 488//435 393//552
f 393//552 488//435 489//437 394//553
f 394//553 489//437 490//439 395//554
f 395//554 490//439 491//441 396//555
f 396//555 491//441 492//443 397//556
f 397//556 492//443 493//445 398//557
f 398//557 493//445 494//447 399//558
f 399//558 494//447 495//449 400//292
f 400//292 495//449 496//451 401//559
f 401//559 496//451 497//453 402//560
f 402//560 497//453 498//455 403//561
f 403//561 498//455 499//457 404//562
f 404//562 499//457 500//459 405//563
f 405//563 500//459 501//461 406//564
f 406//564 501//461 502//463 407//565
f 407//565 502//463 503//465 408//566
f 408//566 503//465 504//467 409//567
f 409//567 504//467 505//469 410//568
f 410//568 505//469 506//471 411//569
f 411//569 506//471 507//473 412//570
f 412//570 507//473 508//475 413//571
f 413//571 508//475 509//477 414//572
f 415//573 510//478 511//416 384//261
f 414//572 509//477 510//478 415//573
f 448//261 512//261 513//263 449//574
f 449//574 513//263 514//265 450//575
f 450//575 514//265 515//267 451//576
f 451//576 515//267 516//269 452//577
f 452//577 516//269 517//271 453//578
f 453//578 517//271 518//273 454//549
f 454//549 518//273 519//275 455//579
f 455//579 519//275 520//277 456//580
f 456//580 520//277 521//279 457//581
f 457//581 521//279 522//281 458//582
f 458//582 522//281 523//283 459//583
f 459//583 523//283 524//285 460//584
f 460//584 524//285 525//287 461//556
f 461//556 525//287 526//289 462//585
f 462//585 526//289 527//291 463//586
f 463//586 527//291 528//292 464//292
f 464//292 528//292 529//294 465//587
f 465//587 529//294 530//296 466//588
f 466//588 530//296 531//298 467//561
f 467//561 531//298 532//300 468//589
f 468//589 532//300 533//302 469//590
f 469//590 533//302 534//304 470//591
f 470//591 534//304 535//306 471//592
f 471//592 535//306 536//308 472//593
f 472//593 536//308 537//310 473//594
f 473//594 537//310 538//312 474//595
f 474//595 538//312 539//314 475//596
f 475//596 539//314 540//316 476//597
f 476//597 540//316 541//318 477//571
f 477//571 541//318 542//320 478//598
f 479//599 543//322 512//261 448//261
f 478//598 542//320 543//322 479//599
f 328//366 326//362 327//364
f 351//414 349//410 350//412
f 328//366 335//380 336//382 326//362
f 351//414 339//390 340//392 349//410
f 349//410 340//392 341//394 342//396 343//398 344//400 345//402 346//404 347//406 348//408
f 335//380 328//366 329//368 330//370 331//372 332//374 333//376 334//378
f 336//382 325//359 326//362
f 339//390 351//414 324//356
f 436//456 280//600 281//601 437//458
f 435//454 279//602 280//600 436//456
f 437//458 281//601 282//603 438//460
f 438//460 282//603 283//604 439//462
f 439//462 283//604 284//605 440//464
f 440//464 284//605 285//606 441//466
f 441//466 285//606 286//607 442//468
f 287//608 443//470 442//468 286//607
f 288//609 444//472 443//470 287//608
f 289//610 445//474 444//472 288//609
f 290//611 446//476 445//474 289//610
f 291//612 447//479 446//476 290//611
f 260//613 416//417 447//479 291//612
f 261//614 417//418 416//417 260//613
f 417//418 261//614 262//615 418//420
f 418//420 262//615 263//616 419//422
f 419//422 263//616 264//617 420//424
f 420//424 264//617 265//618 421//426
f 266//619 422//428 421//426 265//618
f 267//620 423//430 422//428 266//619
f 268//621 424//432 423//430 267//620
f 269//622 425//434 424//432 268//621
f 270//623 426//436 425//434 269//622
f 271//624 427//438 426//436 270//623
f 434//452 278//625 279//602 435//454
f 433//450 277//626 278//625 434//452
f 432//448 276//627 277//626 433//450
f 272//628 428//440 427//438 271//624
f 273//629 429//442 428//440 272//628
f 274//630 430//444 429//442 273//629
f 275//631 431//446 430//444 274//630
f 275//631 276//627 432//448 431//446
o Cylinder.012
v 1.063932 -0.484346 -6.296963
v 1.063932 -0.484346 -5.380074
v 1.261135 0.265878 -6.433313
v 1.227522 -0.576589 -6.433313
v 1.227522 -0.576589 -5.243724
v 1.261135 0.265878 -5.243724
v 1.172680 -0.553656 -6.398897
v 1.118632 -0.510830 -6.336393
v 1.146768 0.194359 -6.336393
v 1.204348 0.240065 -6.398897
v 1.172680 -0.553656 -5.278140
v 1.118632 -0.510830 -5.340644
v 1.204348 0.240065 -5.278140
v 1.146768 0.194359 -5.340644
v 1.233071 -0.395731 -5.416098
v 1.255587 0.085019 -5.416098
v 1.233071 -0.395731 -6.285270
v 1.255587 0.085019 -6.285270
v 1.261429 0.125046 -5.374238
v 1.244006 -0.432525 -5.374238
v 1.244005 -0.432525 -6.327131
v 1.261429 0.125046 -6.327131
v 1.243906 -0.502989 -5.308980
v 1.269424 0.197030 -5.308980
v 1.269424 0.197030 -6.380222
v 1.243905 -0.502989 -6.380222
v 1.303645 -0.605605 -5.268586
v 1.330240 0.274497 -5.263244
v 1.293689 -0.602970 -5.248867
v 1.322060 0.279951 -5.245882
v 1.270378 -0.596964 -5.243216
v 1.302854 0.292281 -5.240903
v 1.251265 -0.592109 -5.255888
v 1.287083 0.302203 -5.252057
v 1.250743 -0.592061 -5.277341
v 1.286623 0.302245 -5.270944
v 1.269204 -0.596856 -5.291420
v 1.301821 0.292376 -5.283342
v 1.292748 -0.602884 -5.287523
v 1.321232 0.280027 -5.279915
v 1.258066 -0.116723 -5.250178
v 1.273403 -0.119749 -5.250178
v 1.279413 -0.132029 -5.250178
v 1.271569 -0.144316 -5.250178
v 1.255779 -0.147358 -5.250178
v 1.243933 -0.138864 -5.250178
v 1.244950 -0.125230 -5.250178
v 1.303645 -0.605605 -6.422080
v 1.330240 0.274497 -6.416738
v 1.293689 -0.602970 -6.402361
v 1.322060 0.279951 -6.399376
v 1.270377 -0.596964 -6.396710
v 1.302854 0.292281 -6.394397
v 1.251265 -0.592109 -6.409382
v 1.287083 0.302203 -6.405551
v 1.250743 -0.592061 -6.430835
v 1.286623 0.302245 -6.424438
v 1.269204 -0.596856 -6.444914
v 1.301821 0.292376 -6.436836
v 1.292748 -0.602884 -6.441018
v 1.321232 0.280027 -6.433409
v 1.318888 0.140867 -6.489155
v 1.307341 -0.169911 -6.489155
v 1.308560 -0.112759 -6.436794
v 1.318408 -0.117040 -6.419114
v 1.287310 -0.103222 -6.440430
v 1.288406 -0.103323 -6.395426
v 1.309439 -0.112840 -6.400704
v 1.263371 0.139324 -6.507059
v 1.251824 -0.171454 -6.507059
vn -0.7746 -0.5268 -0.3500
vn -0.7424 -0.3124 0.5926
vn -0.6481 -0.5418 0.5352
vn -0.4358 -0.9001 -0.0000
vn -0.7899 0.2695 0.5508
vn -0.1609 0.2657 -0.9505
vn -0.4469 -0.3167 -0.8367
vn -0.7221 -0.3016 -0.6225
vn -0.6625 0.2868 -0.6920
vn -0.7998 0.2852 -0.5282
vn -0.5224 -0.2991 0.7985
vn -0.7221 -0.3016 0.6225
vn -0.3747 0.2644 0.8886
vn -0.6625 0.2868 0.6920
vn 0.9983 -0.0020 -0.0590
vn 0.9820 0.1758 -0.0688
vn 0.9912 -0.0948 -0.0924
vn 0.9957 -0.0727 -0.0576
vn 0.9979 -0.0024 0.0641
vn 0.9954 -0.0716 0.0634
vn 0.9912 -0.0948 0.0924
vn 0.9820 0.1758 0.0688
vn 0.8442 -0.1717 -0.5077
vn 0.9181 0.0765 -0.3888
vn -0.5627 -0.4159 -0.7144
vn -0.5185 -0.4167 0.7466
vn 0.9632 -0.1272 0.2369
vn 0.9989 -0.0468 -0.0000
vn 0.9776 0.0544 0.2035
vn 0.2627 0.3638 -0.8937
vn -0.1240 -0.4286 -0.8949
vn 0.9582 -0.2838 -0.0364
vn 0.9667 0.2553 -0.0188
vn 0.7508 0.2679 0.6037
vn 0.4644 -0.3039 0.8319
vn 0.2690 0.3284 0.9054
vn -0.0477 -0.3421 0.9385
vn 0.7181 0.2708 -0.6411
vn -0.4424 0.7026 -0.5573
vn -0.3948 0.8510 0.3463
vn 0.4021 -0.2935 -0.8673
vn -0.6979 -0.6939 -0.1774
vn -0.7409 -0.4952 -0.4537
vn -0.0000 -0.0000 1.0000
vn 0.7535 0.2678 0.6004
vn 0.8713 0.3956 0.2903
vn 0.5381 0.8428 -0.0112
vn -0.1236 0.6866 -0.7164
vn -0.3021 0.5160 -0.8016
vn -0.2629 0.4902 0.8310
vn 0.1197 0.3063 0.9444
vn 0.9580 -0.2845 -0.0365
vn 0.4616 -0.3036 0.8335
vn -0.3603 -0.2930 0.8856
vn -0.5629 -0.5377 0.6277
vn -0.6043 -0.5240 -0.6002
vn -0.4155 -0.2870 -0.8631
vn 0.3992 -0.2932 -0.8687
vn 0.4968 -0.0085 -0.8678
vn 0.6487 -0.0143 -0.7609
vn 0.8735 -0.0237 -0.4862
vn 0.1726 0.0028 -0.9850
vn -0.3296 0.0209 -0.9439
vn -0.9989 0.0399 0.0244
vn -0.1746 0.0040 0.9846
vn 0.6228 -0.0226 0.7820
vn 0.9834 -0.0311 0.1785
vn -0.9125 0.3787 -0.1549
vn -0.6517 0.3612 0.6669
vn -0.6320 0.1218 -0.7654
vn 0.7600 0.1223 -0.6384
vn 0.6510 -0.4258 -0.6284
vn -0.9040 -0.2866 -0.3173
vn 0.6555 -0.0145 -0.7551
vn 0.8753 0.1266 -0.4667
vn 0.9933 -0.1125 -0.0268
vn -0.7670 -0.2380 0.5958
vn 0.1597 0.4276 -0.8898
vn 0.4348 0.3212 -0.8413
vn -0.3897 -0.5941 0.7037
s 1
f 551//632 555//633 545//634 544//635
f 555//633 557//636 545//634
f 546//637 547//638 550//639 553//640
f 553//640 550//639 551//632 552//641
f 547//638 548//642 554//643 550//639
f 550//639 554//643 555//633 551//632
f 548//642 549//644 556//645 554//643
f 554//643 556//645 557//636 555//633
f 549//644 546//637 553//640 556//645
f 556//645 553//640 552//641 557//636
f 563//646 558//647 559//648 562//649
f 564//650 565//651 561//652 560//653
f 566//654 563//646 562//649 567//655
f 547//638 599//656 597//657 569//658
s 0
f 560//659 561//659 559//659 558//659
s 1
f 558//647 563//646 564//650 560//653
f 569//658 564//650 563//646 566//654
f 567//655 562//649 565//651 568//660
f 561//652 565//651 562//649 559//648
f 567//655 581//661 580//662 566//654
f 564//650 569//658 568//660 565//651
f 547//638 569//658 566//654 548//642
f 549//644 567//655 568//660 546//637
f 570//663 571//664 573//665 572//666
f 572//666 573//665 575//667 574//668
f 573//665 571//664 583//669 581//661 579//670 577//671 575//667
f 582//672 583//669 571//664 570//663
f 580//662 581//661 583//669 582//672
f 570//663 572//666 574//668 576//673 578//674 580//662 582//672
f 549//644 548//642 574//668 575//667
f 567//655 579//670 581//661
f 549//644 575//667 577//671
f 549//644 577//671 579//670 567//655
f 548//642 576//673 574//668
f 566//654 580//662 578//674
f 578//674 576//673 548//642 566//654
f 585//675 584//675 590//675 589//675 588//675 587//675 586//675
f 594//676 592//677 604//678 602//679 600//680 598//681 596//682
f 591//683 593//684 595//685 597//686 599//687 601//688 603//689
f 607//690 604//691 592//692 608//692
f 609//693 602//693 604//691 607//690
f 599//687 600//680 602//679 609//694 601//688
f 597//695 598//695 600//695 599//695
f 595//685 610//696 596//682 598//681 597//686
f 611//697 594//676 596//682 610//696
f 608//698 592//677 594//676 611//697
f 600//699 599//656 547//638 546//637
f 568//660 569//658 597//657 598//700
f 546//637 568//660 598//700 600//699
f 612//701 605//702 606//703 613//704
f 603//689 607//705 608//698 591//683
f 601//688 609//694 607//705 603//689
f 593//684 611//697 610//696 595//685
f 591//683 608//698 611//697 593//684
f 605//702 592//706 608//707 606//703
f 612//701 613//704 609//708 602//709
f 602//709 604//710 592//706 605//702 612//701
f 609//708 613//704 606//703 608//707 607//711
o Cylinder.009
v 1.123158 -0.706432 -4.852599
v 1.215461 -0.593960 -4.852599
v 1.284049 -0.465641 -4.852599
v 1.326285 -0.326407 -4.852599
v 1.340547 -0.181609 -4.852599
v 1.326285 -0.036810 -4.852599
v 1.284049 0.102424 -4.852599
v 1.123158 -0.749114 -4.756049
v 1.229705 0.126970 -4.690686
v 0.928072 -0.706432 -4.852599
v 1.088964 0.102424 -4.852599
v 0.928072 -0.749114 -4.756049
v 1.123158 -0.640013 -4.429355
v 1.215461 -0.546649 -4.429355
v 1.284049 -0.440131 -4.429354
v 1.326285 -0.324553 -4.429354
v 1.340547 -0.204355 -4.429354
v 1.326285 -0.084157 -4.429354
v 1.284049 0.031422 -4.429354
v 1.123158 -0.749114 -4.491529
v 0.928072 -0.640013 -4.429355
v 1.088964 0.031422 -4.429354
v 0.928072 -0.749114 -4.491529
v 1.284049 -0.427449 -4.579769
v 1.326285 -0.325480 -4.579769
v 1.340547 -0.192982 -4.579769
v 1.326285 -0.060483 -4.579769
v 1.284049 0.066923 -4.579769
v 1.229705 0.126970 -4.550945
v 1.034619 0.126970 -4.550945
v 1.284049 -0.431434 -4.665015
v 1.326285 -0.325770 -4.665015
v 1.340547 -0.189428 -4.665015
v 1.326285 -0.053087 -4.665015
v 1.284049 0.078015 -4.665015
v 1.264236 -0.438191 -4.579769
v 1.306472 -0.325480 -4.579769
v 1.320733 -0.192982 -4.579769
v 1.306472 -0.060483 -4.579769
v 1.264236 -0.442176 -4.665015
v 1.306472 -0.325770 -4.665015
v 1.320733 -0.189428 -4.665015
v 1.306472 -0.053087 -4.665015
v 1.284049 -0.438432 -4.596001
v 1.284049 -0.442418 -4.648783
v 1.326285 -0.051180 -4.590258
v 1.326285 -0.043783 -4.654525
vn 0.3613 -0.2525 -0.8976
vn 0.4014 -0.1770 -0.8986
vn 0.9564 -0.2838 -0.0691
vn 0.4205 -0.0926 -0.9026
vn 0.9766 -0.2148 0.0143
vn 0.4291 0.0005 -0.9032
vn 1.0000 -0.0012 0.0022
vn 0.4229 0.0877 -0.9019
vn 0.9717 0.2282 -0.0617
vn 0.3130 0.4024 -0.8603
vn 0.8450 0.5334 0.0367
vn -0.0044 0.3684 -0.9297
vn 0.3193 0.9476 -0.0014
vn 0.2210 -0.4049 -0.8873
vn 0.6790 -0.7171 -0.1570
vn -0.0000 -0.9769 -0.2139
vn -0.0000 -0.3797 -0.9251
vn 0.2218 -0.2854 0.9324
vn -0.0000 -0.2331 0.9724
vn -0.0000 -0.7913 0.6114
vn 0.5725 -0.6488 0.5013
vn -0.0000 0.2964 0.9551
vn 0.2954 0.3338 0.8952
vn 0.3575 0.8943 0.2692
vn -0.0221 0.9480 0.3174
vn 0.8523 0.5184 0.0696
vn 0.3420 -0.2522 0.9052
vn 0.9352 -0.3389 0.1028
vn 0.3885 -0.1990 0.8997
vn 0.9709 -0.2392 -0.0091
vn 0.4209 -0.1035 0.9012
vn 1.0000 0.0024 0.0048
vn 0.4323 -0.0010 0.9017
vn 0.9625 0.2497 0.1062
vn 0.4165 0.0926 0.9044
vn 0.0122 0.9983 -0.0576
vn 0.9343 0.3193 0.1588
vn 0.9416 0.3176 -0.1119
vn 0.9382 -0.3459 0.0087
vn 0.9738 -0.2276 0.0034
vn 0.9738 -0.2273 0.0033
vn 1.0000 0.0013 0.0024
vn 1.0000 -0.0013 0.0023
vn 0.9944 0.1055 0.0068
vn -0.4096 0.7555 -0.5112
vn -0.4096 0.7555 0.5113
vn 0.4233 -0.9016 -0.0892
vn 0.9025 -0.4306 0.0134
vn -0.0000 -0.0000 -1.0000
vn -0.0000 -0.0000 1.0000
vn -0.0000 -0.7481 -0.6636
vn -0.0000 -0.7481 0.6636
vn 0.8858 -0.4594 0.0662
s 1
f 615//712 616//713 644//714
f 644//714 616//713 617//715 645//716
f 645//716 617//715 618//717 646//718
f 646//718 618//717 619//719 647//720
f 647//720 619//719 620//721 648//722
f 624//723 622//724 620//721
f 614//725 621//726 625//727 623//728
f 626//729 634//730 636//731 633//732
f 635//733 632//734 642//735 643//736
f 632//734 641//737 642//735
f 627//738 637//739 628//740
f 628//740 637//739 638//741 629//742
f 629//742 638//741 639//743 630//744
f 630//744 639//743 640//745 631//746
f 631//746 640//745 641//737 632//734
f 648//722 622//724 642//735 641//737
f 633//732 636//731 625//727 621//726
f 626//729 614//725 615//712 627//738
s 0
f 657//747 658//747 653//747 649//747
s 1
f 648//722 641//737 659//748 660//749
f 620//721 622//724 648//722
f 620//721 619//719 618//717 617//715 616//713 615//712 614//725 623//728 624//723
f 649//750 653//750 654//751 650//752
f 650//752 654//751 655//753 651//754
f 651//754 655//753 656//755 652//755
s 0
f 649//756 637//756 657//756
f 658//757 644//757 653//757
s 1
f 640//745 659//748 641//737
f 647//720 648//722 660//749
s 0
f 656//758 660//758 659//758 652//758
s 1
f 615//712 644//714 658//759
s 0
f 637//760 649//760 650//760 638//760
f 638//760 650//760 651//760 639//760
f 639//760 651//760 652//760 640//760
f 647//761 656//761 655//761 646//761
f 659//762 640//762 652//762
f 660//763 656//763 647//763
f 645//761 646//761 655//761 654//761
f 653//761 644//761 645//761 654//761
s 1
f 643//736 642//735 622//724 624//723
f 626//729 633//732 621//726 614//725
f 635//733 634//730 626//729 627//738 628//740 629//742 630//744 631//746 632//734
f 637//739 627//738 657//764
f 627//738 615//712 658//759
f 657//764 627//738 658//759
o Cylinder.008
v -0.008097 -1.331190 -3.450524
v -0.008097 -1.331190 -4.558185
v 0.233509 -1.307394 -3.450524
v 0.233509 -1.307394 -4.558185
v 0.465831 -1.236920 -3.450524
v 0.465831 -1.236920 -4.558185
v 0.679940 -1.122476 -3.450524
v 0.679940 -1.122476 -4.558185
v 0.867608 -0.968461 -3.450524
v 0.867608 -0.968461 -4.558185
v 1.021624 -0.780793 -3.450524
v 1.021624 -0.780793 -4.558185
v 1.136067 -0.566684 -3.450524
v 1.136067 -0.566684 -4.558185
v 1.206541 -0.334362 -3.450524
v 1.206541 -0.334362 -4.558185
v 1.230338 -0.092755 -3.450524
v 1.230338 -0.092755 -4.558185
v 1.206541 0.148851 -3.450524
v 1.206541 0.148851 -4.558185
v 1.136067 0.381173 -3.450524
v 1.136067 0.381173 -4.558185
v 1.021624 0.595282 -3.450524
v 1.021624 0.595282 -4.558185
v 0.867608 0.782950 -3.450524
v 0.867608 0.782950 -4.558185
v 0.679940 0.936966 -3.450524
v 0.679940 0.936966 -4.558185
v 0.465831 1.051409 -3.450524
v 0.465831 1.051409 -4.558185
v 0.233509 1.121883 -3.450524
v 0.233509 1.121883 -4.558185
v -0.008098 1.145679 -3.450524
v -0.008098 1.145679 -4.558185
v -0.249704 1.121883 -3.450524
v -0.249704 1.121883 -4.558185
v -0.482026 1.051409 -3.450524
v -0.482026 1.051409 -4.558185
v -0.696135 0.936965 -3.450524
v -0.696135 0.936965 -4.558185
v -0.883803 0.782950 -3.450524
v -0.883803 0.782950 -4.558185
v -1.037818 0.595281 -3.450524
v -1.037818 0.595281 -4.558185
v -1.152262 0.381172 -3.450524
v -1.152262 0.381172 -4.558185
v -1.222736 0.148850 -3.450524
v -1.222736 0.148850 -4.558185
v -1.246532 -0.092757 -3.450524
v -1.246532 -0.092757 -4.558185
v -1.222735 -0.334363 -3.450524
v -1.222735 -0.334363 -4.558185
v -1.152261 -0.566685 -3.450524
v -1.152261 -0.566685 -4.558185
v -1.037817 -0.780794 -3.450524
v -1.037817 -0.780794 -4.558185
v -0.883802 -0.968462 -3.450524
v -0.883802 -0.968462 -4.558185
v -0.696133 -1.122477 -3.450524
v -0.696133 -1.122477 -4.558185
v -0.482024 -1.236920 -3.450524
v -0.482024 -1.236920 -4.558185
v -0.249702 -1.307394 -3.450524
v -0.249702 -1.307394 -4.558185
vn -0.0000 -0.4288 0.9034
vn -0.0000 -0.4288 -0.9034
vn 0.0837 -0.4206 0.9034
vn 0.0837 -0.4206 -0.9034
vn 0.1641 -0.3962 0.9034
vn 0.1641 -0.3962 -0.9034
vn 0.2383 -0.3566 0.9034
vn 0.2383 -0.3566 -0.9034
vn 0.3032 -0.3032 0.9034
vn 0.3032 -0.3032 -0.9034
vn 0.3566 -0.2383 0.9034
vn 0.3566 -0.2383 -0.9034
vn 0.3962 -0.1641 0.9034
vn 0.3962 -0.1641 -0.9034
vn 0.4206 -0.0837 0.9034
vn 0.4206 -0.0837 -0.9034
vn 0.4288 -0.0000 0.9034
vn 0.4288 -0.0000 -0.9034
vn 0.4206 0.0837 0.9034
vn 0.4206 0.0837 -0.9034
vn 0.3962 0.1641 0.9034
vn 0.3962 0.1641 -0.9034
vn 0.3566 0.2383 0.9034
vn 0.3566 0.2383 -0.9034
vn 0.3032 0.3032 0.9034
vn 0.3032 0.3032 -0.9034
vn 0.2383 0.3566 0.9034
vn 0.2383 0.3566 -0.9034
vn 0.1641 0.3962 0.9034
vn 0.1641 0.3962 -0.9034
vn 0.0837 0.4206 0.9034
vn 0.0837 0.4206 -0.9034
vn -0.0000 0.4288 0.9034
vn -0.0000 0.4288 -0.9034
vn -0.0837 0.4206 0.9034
vn -0.0837 0.4206 -0.9034
vn -0.1641 0.3962 0.9034
vn -0.1641 0.3962 -0.9034
vn -0.2383 0.3566 0.9034
vn -0.2383 0.3566 -0.9034
vn -0.3032 0.3032 0.9034
vn -0.3032 0.3032 -0.9034
vn -0.3566 0.2383 0.9034
vn -0.3566 0.2383 -0.9034
vn -0.3962 0.1641 0.9034
vn -0.3962 0.1641 -0.9034
vn -0.4206 0.0837 0.9034
vn -0.4206 0.0837 -0.9034
vn -0.4288 -0.0000 0.9034
vn -0.4288 -0.0000 -0.9034
vn -0.4206 -0.0837 0.9034
vn -0.4206 -0.0837 -0.9034
vn -0.3962 -0.1641 0.9034
vn -0.3962 -0.1641 -0.9034
vn -0.3566 -0.2383 0.9034
vn -0.3566 -0.2383 -0.9034
vn -0.3032 -0.3032 0.9034
vn -0.3032 -0.3032 -0.9034
vn -0.2383 -0.3566 0.9034
vn -0.2383 -0.3566 -0.9034
vn -0.1641 -0.3962 0.9034
vn -0.1641 -0.3962 -0.9034
vn -0.0837 -0.4206 0.9034
vn -0.0837 -0.4206 -0.9034
s 1
f 661//765 662//766 664//768 663//767
f 663//767 664//768 666//770 665//769
f 665//769 666//770 668//772 667//771
f 667//771 668//772 670//774 669//773
f 669//773 670//774 672//776 671//775
f 671//775 672//776 674//778 673//777
f 673//777 674//778 676//780 675//779
f 675//779 676//780 678//782 677//781
f 677//781 678//782 680//784 679//783
f 679//783 680//784 682//786 681//785
f 681//785 682//786 684//788 683//787
f 683//787 684//788 686//790 685//789
f 685//789 686//790 688//792 687//791
f 687//791 688//792 690//794 689//793
f 689//793 690//794 692//796 691//795
f 691//795 692//796 694//798 693//797
f 693//797 694//798 696//800 695//799
f 695//799 696//800 698//802 697//801
f 697//801 698//802 700//804 699//803
f 699//803 700//804 702//806 701//805
f 701//805 702//806 704//808 703//807
f 703//807 704//808 706//810 705//809
f 705//809 706//810 708//812 707//811
f 707//811 708//812 710//814 709//813
f 709//813 710//814 712//816 711//815
f 711//815 712//816 714//818 713//817
f 713//817 714//818 716//820 715//819
f 715//819 716//820 718//822 717//821
f 717//821 718//822 720//824 719//823
f 719//823 720//824 722//826 721//825
f 664//768 662//766 724//828 722//826 720//824 718//822 716//820 714//818 712//816 710//814 708//812 706//810 704//808 702//806 700//804 698//802 696//800 694//798 692//796 690//794 688//792 686//790 684//788 682//786 680//784 678//782 676//780 674//778 672//776 670//774 668//772 666//770
f 723//827 724//828 662//766 661//765
f 721//825 722//826 724//828 723//827
f 661//765 663//767 665//769 667//771 669//773 671//775 673//777 675//779 677//781 679//783 681//785 683//787 685//789 687//791 689//793 691//795 693//797 695//799 697//801 699//803 701//805 703//807 705//809 707//811 709//813 711//815 713//817 715//819 717//821 719//823 721//825 723//827
o Cylinder.005
v 0.672685 -1.127287 -3.009895
v 0.672686 -1.127287 -3.380569
v 0.861431 -0.974595 -3.009895
v 0.861431 -0.974594 -3.380569
v 1.016762 -0.788014 -3.009895
v 1.016762 -0.788013 -3.380569
v 1.132708 -0.574714 -3.009895
v 1.132708 -0.574714 -3.380569
v 1.204813 -0.342894 -3.009895
v 1.204813 -0.342894 -3.380569
v 1.230307 -0.101460 -3.009895
v 1.230307 -0.101460 -3.380569
v 1.208210 0.140308 -3.009895
v 1.208210 0.140308 -3.380569
v 1.139370 0.373119 -3.009895
v 1.139370 0.373119 -3.380569
v 1.026434 0.588027 -3.009895
v 1.026434 0.588027 -3.380569
v 0.873742 0.776773 -3.009895
v 0.873742 0.776773 -3.380569
v 0.687161 0.932104 -3.009895
v 0.687161 0.932104 -3.380569
v 0.473862 1.048050 -3.009895
v 0.473862 1.048050 -3.380569
v 0.251199 1.165130 -3.009895
v 0.251199 1.165130 -3.380569
v -0.232002 1.168527 -3.380569
v -0.232002 1.168527 -3.009895
v -0.473972 1.054712 -3.009895
v -0.473972 1.054712 -3.380569
v -0.688880 0.941776 -3.009895
v -0.688880 0.941776 -3.380569
v -0.877626 0.789083 -3.009895
v -0.877626 0.789083 -3.380569
v -1.032957 0.602502 -3.009896
v -1.032957 0.602502 -3.380569
v -1.148902 0.389203 -3.009896
v -1.148902 0.389203 -3.380570
v -1.221008 0.157382 -3.009896
v -1.221008 0.157382 -3.380570
v -1.246501 -0.084051 -3.009896
v -1.246501 -0.084051 -3.380570
v -1.224404 -0.325819 -3.009896
v -1.224404 -0.325819 -3.380570
v -1.155564 -0.558631 -3.009896
v -1.155564 -0.558631 -3.380570
v -1.042628 -0.773539 -3.009896
v -1.042628 -0.773539 -3.380570
v -0.889935 -0.962285 -3.009896
v -0.889935 -0.962285 -3.380570
v -0.703354 -1.117615 -3.009896
v -0.703354 -1.117615 -3.380570
v -0.490055 -1.233561 -3.009896
v -0.490055 -1.233561 -3.380570
v -0.258234 -1.305666 -3.009896
v -0.258234 -1.305666 -3.380570
v -0.016800 -1.331159 -3.009896
v -0.016800 -1.331159 -3.380570
v 0.224968 -1.309062 -3.009896
v 0.224968 -1.309062 -3.380569
v 0.457779 -1.240222 -3.009896
v 0.457779 -1.240222 -3.380569
v 0.483020 1.093025 -3.009895
v 0.483020 1.093025 -3.380569
v -0.514005 1.115547 -3.009895
v -0.514005 1.115547 -3.380569
v 0.199324 1.500405 -2.965117
v 0.199324 1.529923 -3.263978
v -0.192160 1.503144 -2.964846
v -0.192160 1.532662 -3.263708
v 0.240871 1.581826 -2.889522
v 0.240871 1.616712 -3.242731
v -0.221804 1.585063 -2.889202
v -0.221804 1.619949 -3.242411
v 0.239434 1.626549 -2.879923
v 0.239434 1.662448 -3.243395
v -0.236684 1.629879 -2.879594
v -0.236684 1.665779 -3.243066
v 0.186313 1.349473 -3.328068
v 0.186313 1.316498 -2.994197
v -0.173133 1.364961 -3.326538
v -0.173133 1.331986 -2.992668
v 0.372097 1.091834 -6.051867
v 0.372097 1.091834 -6.496674
v 0.282436 1.231788 -6.051867
v 0.282436 1.231788 -6.496674
v -0.260155 1.235602 -6.051867
v -0.260155 1.235602 -6.496674
v -0.406166 1.117124 -6.051867
v -0.406166 1.117124 -6.496675
v 0.483020 0.952761 -6.005402
v 0.483020 0.952761 -6.543139
v 0.251199 1.024866 -6.005402
v 0.251199 1.024866 -6.543139
v -0.232002 1.028263 -6.005402
v -0.232002 1.028263 -6.543139
v -0.514005 0.975283 -6.005403
v -0.514005 0.975283 -6.543139
v 0.251199 1.109793 -6.484719
v 0.424840 1.005882 -6.484719
v -0.232002 1.113190 -6.484719
v -0.455825 1.028404 -6.484719
v 0.424840 1.005882 -6.063821
v 0.251199 1.109793 -6.063821
v -0.232002 1.113190 -6.063821
v -0.455825 1.028404 -6.063822
v 0.266818 1.170791 -6.476460
v 0.398468 1.048858 -6.476460
v -0.246079 1.174396 -6.476460
v -0.430995 1.072764 -6.476460
v 0.398468 1.048858 -6.072081
v 0.266818 1.170791 -6.072081
v -0.246079 1.174396 -6.072081
v -0.430995 1.072764 -6.072081
v 0.282436 1.612719 -5.919068
v -0.260155 1.616533 -5.919068
v 0.282436 1.671070 -5.840837
v -0.260155 1.674884 -5.840837
v 0.282436 1.772929 -5.569702
v -0.260155 1.776743 -5.569702
v 0.282436 1.746719 -3.463711
v -0.260155 1.749424 -3.463336
v 0.284546 1.801499 -3.139991
v -0.284660 1.804829 -3.139636
v 0.335955 1.810120 -5.946300
v -0.312720 1.813934 -5.946300
v 0.335955 1.911979 -5.653361
v -0.312720 1.915793 -5.653361
v 0.335955 1.885769 -3.378022
v -0.312720 1.888475 -3.377618
v 0.282767 1.819279 -5.597588
v 0.299525 1.865629 -5.625474
v 0.282767 1.793069 -3.435148
v 0.299525 1.839419 -3.406585
v 0.300276 1.717420 -5.875991
v 0.318115 1.763770 -5.911145
v 0.254472 1.708798 -3.208927
v 0.269509 1.755148 -3.174459
v -0.277677 1.721234 -5.875992
v -0.295198 1.767584 -5.911145
v -0.260158 1.823093 -5.597589
v -0.276618 1.869443 -5.625475
v -0.260158 1.795775 -3.434763
v -0.276618 1.842125 -3.406190
v -0.252676 1.712129 -3.208589
v -0.268668 1.758479 -3.174113
v 0.309196 1.624222 -6.353030
v -0.286438 1.628036 -6.353030
vn 0.0862 -0.1346 0.9871
vn 0.0862 -0.1311 -0.9876
vn 0.1101 -0.1152 0.9872
vn 0.1102 -0.1117 -0.9876
vn 0.1298 -0.0916 0.9873
vn 0.1298 -0.0881 -0.9876
vn 0.1445 -0.0646 0.9874
vn 0.1445 -0.0611 -0.9876
vn 0.1537 -0.0352 0.9875
vn 0.1537 -0.0317 -0.9876
vn 0.1569 -0.0046 0.9876
vn 0.1569 -0.0011 -0.9876
vn 0.1541 0.0260 0.9877
vn 0.1541 0.0295 -0.9876
vn 0.1454 0.0555 0.9878
vn 0.1454 0.0590 -0.9876
vn 0.1311 0.0828 0.9879
vn 0.1311 0.0862 -0.9876
vn 0.1118 0.1067 0.9880
vn 0.1117 0.1102 -0.9876
vn 0.0881 0.1264 0.9881
vn 0.0881 0.1298 -0.9876
vn 0.0773 0.0335 0.9964
vn 0.0773 0.0360 -0.9964
vn 0.1462 0.1312 0.9805
vn 0.0406 0.1235 -0.9915
vn -0.0312 0.1215 -0.9921
vn -0.1399 0.1288 0.9818
vn -0.0634 0.0141 0.9979
vn -0.0634 0.0164 -0.9979
vn -0.0863 0.1276 0.9881
vn -0.0862 0.1311 -0.9876
vn -0.1103 0.1083 0.9880
vn -0.1102 0.1117 -0.9876
vn -0.1299 0.0846 0.9879
vn -0.1298 0.0881 -0.9876
vn -0.1446 0.0576 0.9878
vn -0.1445 0.0611 -0.9876
vn -0.1537 0.0282 0.9877
vn -0.1537 0.0317 -0.9876
vn -0.1570 -0.0024 0.9876
vn -0.1569 0.0011 -0.9876
vn -0.1541 -0.0330 0.9875
vn -0.1541 -0.0295 -0.9876
vn -0.1454 -0.0625 0.9874
vn -0.1454 -0.0590 -0.9876
vn -0.1311 -0.0898 0.9873
vn -0.1311 -0.0862 -0.9876
vn -0.1117 -0.1137 0.9872
vn -0.1117 -0.1102 -0.9876
vn -0.0881 -0.1333 0.9871
vn -0.0881 -0.1298 -0.9876
vn -0.0611 -0.1480 0.9871
vn -0.0611 -0.1445 -0.9876
vn -0.0317 -0.1571 0.9871
vn -0.0317 -0.1537 -0.9876
vn -0.0011 -0.1604 0.9871
vn -0.0011 -0.1569 -0.9876
vn 0.0295 -0.1576 0.9871
vn 0.0295 -0.1541 -0.9876
vn 0.0590 -0.1488 0.9871
vn 0.0590 -0.1454 -0.9876
vn 0.1758 0.1040 0.9789
vn 0.1758 0.1040 -0.9789
vn -0.1993 0.0846 0.9763
vn -0.1993 0.0846 -0.9763
vn 0.2706 -0.2336 0.9339
vn 0.2978 0.2278 -0.9270
vn -0.2881 -0.2146 0.9333
vn -0.3010 0.2236 -0.9270
vn 0.3178 -0.3260 0.8903
vn 0.2568 -0.0020 -0.9665
vn -0.2711 -0.3987 0.8761
vn -0.2234 -0.0178 -0.9746
vn 0.0991 0.0383 0.9943
vn 0.3656 -0.1958 -0.9100
vn -0.1097 0.0363 0.9933
vn -0.4293 -0.2620 -0.8643
vn 0.2723 0.3663 -0.8897
vn 0.1803 0.0073 0.9836
vn -0.2685 0.3574 -0.8945
vn -0.1795 -0.0008 0.9838
vn 0.0683 -0.0659 0.9955
vn 0.0683 -0.0659 -0.9955
vn 0.2822 -0.2620 0.9229
vn 0.0764 0.0162 -0.9969
vn -0.2569 -0.2384 0.9366
vn -0.0597 0.0220 -0.9980
vn -0.0795 -0.0328 0.9963
vn -0.0795 -0.0328 -0.9963
vn 0.3438 0.7103 0.6143
vn 0.3438 0.7103 -0.6143
vn 0.1368 0.6300 0.7644
vn 0.1368 0.6300 -0.7644
vn -0.0826 0.6226 0.7782
vn -0.0826 0.6226 -0.7782
vn -0.2374 0.7070 0.6662
vn -0.2374 0.7070 -0.6662
vn 0.0740 0.2634 -0.9618
vn 0.4739 0.6014 -0.6433
vn -0.0447 0.2619 -0.9641
vn -0.3986 0.5749 -0.7146
vn 0.4739 0.6014 0.6433
vn 0.0740 0.2634 0.9618
vn -0.0447 0.2619 0.9641
vn -0.3986 0.5749 0.7146
vn -0.0397 -0.0492 -0.9980
vn 0.3862 0.2878 -0.8763
vn 0.0220 -0.0471 -0.9986
vn -0.3501 0.2348 -0.9068
vn 0.3862 0.2878 0.8763
vn -0.0397 -0.0492 0.9980
vn 0.0220 -0.0471 0.9986
vn -0.3500 0.2348 0.9068
vn 0.4427 -0.5057 0.7405
vn -0.4488 -0.5035 0.7382
vn 0.6045 -0.6954 0.3886
vn -0.6119 -0.6902 0.3863
vn 0.6983 -0.7038 0.1306
vn -0.7054 -0.6968 0.1301
vn 0.6989 -0.7036 -0.1285
vn -0.7048 -0.6966 -0.1344
vn 0.7439 0.5500 0.3796
vn -0.7454 0.5476 0.3802
vn 0.7702 0.5846 -0.2549
vn -0.7650 0.5906 -0.2570
vn 0.8416 0.5400 -0.0122
vn -0.8373 0.5465 -0.0134
vn 0.8493 0.5032 0.1595
vn -0.8440 0.5274 0.0982
vn 0.9716 -0.2327 0.0434
vn 0.9758 -0.2005 0.0873
vn 0.9623 -0.2699 0.0325
vn 0.9707 -0.2404 -0.0012
vn 0.9625 -0.2478 0.1104
vn 0.9376 -0.3253 0.1230
vn 0.9531 -0.3025 -0.0107
vn 0.9255 -0.3780 -0.0227
vn -0.9638 -0.2433 0.1089
vn -0.9392 -0.3211 0.1216
vn -0.9729 -0.2273 0.0423
vn -0.9767 -0.1963 0.0864
vn -0.9690 -0.2471 -0.0038
vn -0.9750 -0.2180 -0.0424
vn -0.9555 -0.2911 -0.0480
vn -0.9278 -0.3684 -0.0590
vn 0.4668 0.4716 -0.7481
vn -0.4624 0.4734 -0.7497
s 1
f 725//829 726//830 728//832 727//831
f 727//831 728//832 730//834 729//833
f 729//833 730//834 732//836 731//835
f 731//835 732//836 734//838 733//837
f 733//837 734//838 736//840 735//839
f 735//839 736//840 738//842 737//841
f 737//841 738//842 740//844 739//843
f 739//843 740//844 742//846 741//845
f 741//845 742//846 744//848 743//847
f 743//847 744//848 746//850 745//849
f 745//849 746//850 748//852 747//851
f 750//854 788//892 748//852
f 748//852 788//892 787//891 747//851
f 753//857 754//858 756//860 755//859
f 755//859 756//860 758//862 757//861
f 757//861 758//862 760//864 759//863
f 759//863 760//864 762//866 761//865
f 761//865 762//866 764//868 763//867
f 763//867 764//868 766//870 765//869
f 765//869 766//870 768//872 767//871
f 767//871 768//872 770//874 769//873
f 769//873 770//874 772//876 771//875
f 771//875 772//876 774//878 773//877
f 773//877 774//878 776//880 775//879
f 775//879 776//880 778//882 777//881
f 777//881 778//882 780//884 779//883
f 779//883 780//884 782//886 781//885
f 781//885 782//886 784//888 783//887
f 728//832 726//830 786//890 784//888 782//886 780//884 778//882 776//880 774//878 772//876 770//874 768//872 766//870 764//868 762//866 760//864 758//862 756//860 754//858 751//855 750//854 748//852 746//850 744//848 742//846 740//844 738//842 736//840 734//838 732//836 730//834
f 785//889 786//890 726//830 725//829
f 783//887 784//888 786//890 785//889
f 787//891 788//892 750//854 749//853
f 798//902 797//901 801//905 802//906
f 800//904 799//903 795//899 796//900
f 806//910 752//856 753//857 755//859 757//861 759//863 761//865 763//867 765//869 767//871 769//873 771//875 773//877 775//879 777//881 779//883 781//885 783//887 785//889 725//829 727//831 729//833 731//835 733//837 735//839 737//841 739//843 741//845 743//847 745//849 747//851 749//853 804//908 791//895 793//897
f 747//851 787//891 749//853
f 751//855 790//894 789//893 752//856
f 753//857 789//893 790//894 754//858
f 751//855 754//858 790//894
f 753//857 752//856 789//893
f 806//910 805//909 751//855 752//856
f 794//898 793//897 797//901 798//902
f 804//908 803//907 792//896 791//895
f 796//900 795//899 791//895 792//896
f 794//898 798//902 796//900 792//896
f 800//904 796//900 798//902 802//906
f 791//895 795//899 797//901 793//897
f 801//905 797//901 795//899 799//903
f 749//853 750//854 803//907 804//908
f 793//897 794//898 805//909 806//910
f 751//855 805//909 803//907 750//854
f 805//909 794//898 792//896 803//907
f 807//911 808//912 810//914 809//913
f 812//916 814//918 813//917 811//915
f 812//916 811//915 840//944 872//976
f 831//935 810//914 808//912 832//936
f 831//935 833//937 812//916 810//914
f 833//937 834//938 814//918 812//916
f 835//939 807//911 809//913 836//940
f 836//940 809//913 811//915 837//941
f 837//941 811//915 813//917 838//942
f 832//936 808//912 807//911 835//939
f 834//938 838//942 813//917 814//918
f 818//922 823//927 824//928 816//920
f 818//922 820//924 825//929 823//927
f 820//924 822//926 826//930 825//929
f 815//919 827//931 828//932 817//921
f 817//921 828//932 829//933 819//923
f 819//923 829//933 830//934 821//925
f 816//920 824//928 827//931 815//919
f 822//926 821//925 830//934 826//930
f 823//927 831//935 832//936 824//928
f 823//927 825//929 833//937 831//935
f 825//929 826//930 834//938 833//937
f 827//931 835//939 836//940 828//932
f 828//932 836//940 837//941 829//933
f 829//933 837//941 838//942 830//934
f 824//928 832//936 835//939 827//931
f 826//930 830//934 838//942 834//938
f 839//943 840//944 811//915 809//913
f 839//943 841//945 842//946 840//944
f 841//945 843//947 844//948 842//946
f 843//947 845//949 846//950 844//948
f 845//949 800//904 802//906 846//950
f 849//953 850//954 852//956 851//955
f 851//955 852//956 854//958 853//957
f 853//957 854//958 848//952 847//951
f 855//959 857//961 845//949 843//947
f 859//963 855//959 843//947 841//945
f 863//967 842//946 844//948 865//969
f 865//969 844//948 846//950 867//971
f 870//974 848//952 854//958 868//972
f 862//966 858//962 853//957 847//951
f 851//955 853//957 858//962 856//960
f 849//953 851//955 856//960 860//964
f 860//964 856//960 855//959 859//963
f 800//904 845//949 857//961 861//965
f 861//965 857//961 858//962 862//966
f 850//954 864//968 866//970 852//956
f 864//968 863//967 865//969 866//970
f 852//956 866//970 868//972 854//958
f 802//906 869//973 867//971 846//950
f 869//973 870//974 868//972 867//971
f 856//960 866//970 868//972 858//962
f 867//971 868//972 866//970 865//969
f 858//962 857//961 855//959 856//960
f 872//976 871//975 810//914 812//916
f 850//954 849//953 871//975 872//976
f 839//943 809//913 810//914 871//975
f 872//976 840//944 842//946 863//967 864//968 850//954
f 871//975 849//953 860//964 859//963 841//945 839//943
f 861//965 862//966 847//951 799//903 800//904
f 847//951 848//952 801//905 799//903
f 869//973 802//906 801//905 848//952 870//974
o Cylinder.003
v -0.008097 -1.331190 -0.013539
v -0.008097 -1.331190 -0.241723
v 0.233509 -1.307394 -0.013539
v 0.233509 -1.307394 -0.241723
v 0.465831 -1.236920 -0.013539
v 0.465831 -1.236920 -0.241723
v 0.679940 -1.122476 -0.013539
v 0.679940 -1.122476 -0.241723
v 0.867608 -0.968461 -0.013539
v 0.867608 -0.968461 -0.241723
v 1.021624 -0.780793 -0.013539
v 1.021624 -0.780793 -0.241723
v 1.136067 -0.566684 -0.013539
v 1.136067 -0.566684 -0.241723
v 1.206541 -0.334362 -0.013539
v 1.206541 -0.334362 -0.241723
v 1.230338 -0.092755 -0.013539
v 1.230338 -0.092755 -0.241723
v 1.206541 0.148851 -0.013539
v 1.206541 0.148851 -0.241723
v 1.136067 0.381173 -0.013539
v 1.136067 0.381173 -0.241723
v 1.021624 0.595282 -0.013539
v 1.021624 0.595282 -0.241723
v 0.867608 0.782950 -0.013539
v 0.867608 0.782950 -0.241723
v 0.679940 0.936966 -0.013539
v 0.679940 0.936966 -0.241723
v 0.465831 1.051409 -0.013539
v 0.465831 1.051409 -0.241723
v 0.233509 1.121883 -0.013539
v 0.233509 1.121883 -0.241723
v -0.008098 1.145679 -0.013539
v -0.008098 1.145679 -0.241723
v -0.249704 1.121883 -0.013539
v -0.249704 1.121883 -0.241723
v -0.482026 1.051409 -0.013539
v -0.482026 1.051409 -0.241723
v -0.696135 0.936965 -0.013539
v -0.696135 0.936965 -0.241723
v -0.883803 0.782950 -0.013539
v -0.883803 0.782950 -0.241723
v -1.037818 0.595281 -0.013539
v -1.037818 0.595281 -0.241723
v -1.152262 0.381172 -0.013539
v -1.152262 0.381172 -0.241723
v -1.222736 0.148850 -0.013539
v -1.222736 0.148850 -0.241723
v -1.246532 -0.092757 -0.013539
v -1.246532 -0.092757 -0.241723
v -1.222735 -0.334363 -0.013539
v -1.222735 -0.334363 -0.241723
v -1.152261 -0.566685 -0.013539
v -1.152261 -0.566685 -0.241723
v -1.037817 -0.780794 -0.013539
v -1.037817 -0.780794 -0.241723
v -0.883802 -0.968462 -0.013539
v -0.883802 -0.968462 -0.241723
v -0.696133 -1.122477 -0.013539
v -0.696133 -1.122477 -0.241723
v -0.482024 -1.236920 -0.013539
v -0.482024 -1.236920 -0.241723
v -0.249702 -1.307394 -0.013539
v -0.249702 -1.307394 -0.241723
vn 0.1951 -0.9808 -0.0000
vn 0.3827 -0.9239 -0.0000
vn 0.5556 -0.8315 -0.0000
vn 0.7071 -0.7071 -0.0000
vn 0.8315 -0.5556 -0.0000
vn 0.9239 -0.3827 -0.0000
vn 0.9808 -0.1951 -0.0000
vn 1.0000 -0.0000 -0.0000
vn 0.9808 0.1951 -0.0000
vn 0.9239 0.3827 -0.0000
vn 0.8315 0.5556 -0.0000
vn 0.7071 0.7071 -0.0000
vn 0.5556 0.8315 -0.0000
vn 0.3827 0.9239 -0.0000
vn 0.1951 0.9808 -0.0000
vn -0.0000 1.0000 -0.0000
vn -0.1951 0.9808 -0.0000
vn -0.3827 0.9239 -0.0000
vn -0.5556 0.8315 -0.0000
vn -0.7071 0.7071 -0.0000
vn -0.8315 0.5556 -0.0000
vn -0.9239 0.3827 -0.0000
vn -0.9808 0.1951 -0.0000
vn -1.0000 -0.0000 -0.0000
vn -0.9808 -0.1951 -0.0000
vn -0.9239 -0.3827 -0.0000
vn -0.8315 -0.5556 -0.0000
vn -0.7071 -0.7071 -0.0000
vn -0.5556 -0.8315 -0.0000
vn -0.3827 -0.9239 -0.0000
vn -0.1951 -0.9808 -0.0000
vn -0.0000 -1.0000 -0.0000
vn -0.0000 -0.0000 1.0000
vn -0.0000 -0.0000 -1.0000
s 1
f 875//977 876//977 878//978 877//978
f 877//978 878//978 880//979 879//979
f 879//979 880//979 882//980 881//980
f 881//980 882//980 884//981 883//981
f 883//981 884//981 886//982 885//982
f 885//982 886//982 888//983 887//983
f 887//983 888//983 890//984 889//984
f 889//984 890//984 892//985 891//985
f 891//985 892//985 894//986 893//986
f 893//986 894//986 896//987 895//987
f 895//987 896//987 898//988 897//988
f 897//988 898//988 900//989 899//989
f 899//989 900//989 902//990 901//990
f 901//990 902//990 904//991 903//991
f 903//991 904//991 906//992 905//992
f 905//992 906//992 908//993 907//993
f 907//993 908//993 910//994 909//994
f 909//994 910//994 912//995 911//995
f 911//995 912//995 914//996 913//996
f 913//996 914//996 916//997 915//997
f 915//997 916//997 918//998 917//998
f 917//998 918//998 920//999 919//999
f 919//999 920//999 922//1000 921//1000
f 921//1000 922//1000 924//1001 923//1001
f 923//1001 924//1001 926//1002 925//1002
f 925//1002 926//1002 928//1003 927//1003
f 927//1003 928//1003 930//1004 929//1004
f 929//1004 930//1004 932//1005 931//1005
f 931//1005 932//1005 934//1006 933//1006
f 935//1007 936//1007 874//1008 873//1008
f 933//1006 934//1006 936//1007 935//1007
f 876//977 875//977 873//1008 874//1008
s 0
f 873//1009 875//1009 877//1009 879//1009 881//1009 883//1009 885//1009 887//1009 889//1009 891//1009 893//1009 895//1009 897//1009 899//1009 901//1009 903//1009 905//1009 907//1009 909//1009 911//1009 913//1009 915//1009 917//1009 919//1009 921//1009 923//1009 925//1009 927//1009 929//1009 931//1009 933//1009 935//1009
f 876//1010 874//1010 936//1010 934//1010 932//1010 930//1010 928//1010 926//1010 924//1010 922//1010 920//1010 918//1010 916//1010 914//1010 912//1010 910//1010 908//1010 906//1010 904//1010 902//1010 900//1010 898//1010 896//1010 894//1010 892//1010 890//1010 888//1010 886//1010 884//1010 882//1010 880//1010 878//1010
o Cylinder.001
v -0.005463 -1.341178 -0.767197
v -0.005463 -1.341178 -0.356248
v -0.005463 -1.268964 -0.356207
v -0.005463 -1.268964 -0.767740
v 0.226632 -1.246106 -0.356207
v 0.226632 -1.246106 -0.767740
v 0.449807 -1.178406 -0.356207
v 0.449807 -1.178406 -0.767740
v 0.655486 -1.068469 -0.356207
v 0.655486 -1.068468 -0.767740
v 0.835766 -0.920516 -0.356207
v 0.835766 -0.920516 -0.767739
v 0.983718 -0.740237 -0.356207
v 0.983718 -0.740237 -0.767739
v 1.093655 -0.534557 -0.356207
v 1.093656 -0.534557 -0.767739
v 1.161355 -0.311383 -0.356207
v 1.161355 -0.311382 -0.767739
v 1.184214 -0.079288 -0.356206
v 1.184214 -0.079288 -0.767739
v 1.161355 0.152807 -0.356207
v 1.161355 0.152807 -0.767739
v 1.093655 0.375981 -0.356207
v 1.093656 0.375982 -0.767739
v 0.983718 0.581661 -0.356207
v 0.983718 0.581661 -0.767739
v 0.835766 0.761940 -0.356207
v 0.835766 0.761940 -0.767739
v 0.655486 0.909893 -0.356207
v 0.655486 0.909893 -0.767739
v 0.449807 1.019830 -0.356207
v 0.449807 1.019831 -0.767739
v 0.226632 1.087530 -0.356207
v 0.226632 1.087530 -0.767739
v -0.005463 1.110389 -0.356206
v -0.005463 1.110389 -0.767739
v -0.237558 1.087530 -0.356207
v -0.237557 1.087530 -0.767739
v -0.460733 1.019830 -0.356207
v -0.460732 1.019830 -0.767739
v -0.666412 0.909892 -0.356207
v -0.666412 0.909892 -0.767739
v -0.846692 0.761940 -0.356207
v -0.846691 0.761941 -0.767739
v -0.994643 0.581660 -0.356207
v -0.994643 0.581661 -0.767739
v -1.104581 0.375981 -0.356207
v -1.104581 0.375981 -0.767739
v -1.172280 0.152806 -0.356207
v -1.172280 0.152806 -0.767739
v -1.195139 -0.079289 -0.356207
v -1.195139 -0.079289 -0.767739
v -1.172280 -0.311384 -0.356207
v -1.172280 -0.311383 -0.767739
v -1.104580 -0.534558 -0.356207
v -1.104580 -0.534558 -0.767739
v -0.994642 -0.740238 -0.356207
v -0.994642 -0.740238 -0.767739
v -0.846690 -0.920517 -0.356207
v -0.846690 -0.920517 -0.767739
v -0.666410 -1.068469 -0.356207
v -0.666410 -1.068468 -0.767740
v -0.460731 -1.178406 -0.356207
v -0.460731 -1.178406 -0.767740
v -0.237555 -1.246106 -0.356207
v -0.237555 -1.246106 -0.767740
v 0.240720 -1.316932 -0.356248
v 0.240720 -1.316932 -0.767197
v 0.477442 -1.245124 -0.356248
v 0.477442 -1.245124 -0.767197
v 0.695606 -1.128513 -0.356248
v 0.695607 -1.128512 -0.767197
v 0.886829 -0.971579 -0.356248
v 0.886829 -0.971579 -0.767197
v 1.043762 -0.780357 -0.356248
v 1.043762 -0.780357 -0.767197
v 1.160373 -0.562192 -0.356248
v 1.160373 -0.562192 -0.767197
v 1.232182 -0.325471 -0.356248
v 1.232182 -0.325471 -0.767197
v 1.256428 -0.079288 -0.356248
v 1.256429 -0.079288 -0.767197
v 1.232182 0.166895 -0.356248
v 1.232182 0.166895 -0.767197
v 1.160373 0.403617 -0.356248
v 1.160373 0.403617 -0.767197
v 1.043762 0.621781 -0.356248
v 1.043762 0.621782 -0.767197
v 0.886829 0.813003 -0.356248
v 0.886829 0.813004 -0.767197
v 0.695606 0.969937 -0.356248
v 0.695607 0.969937 -0.767197
v 0.477442 1.086548 -0.356248
v 0.477442 1.086548 -0.767197
v 0.240720 1.158357 -0.356248
v 0.240720 1.158357 -0.767197
v -0.005463 1.182603 -0.356248
v -0.005463 1.182603 -0.767197
v -0.251646 1.158357 -0.356248
v -0.251646 1.158357 -0.767197
v -0.488368 1.086548 -0.356248
v -0.488368 1.086547 -0.767197
v -0.706532 0.969936 -0.356248
v -0.706532 0.969936 -0.767197
v -0.897755 0.813004 -0.356248
v -0.897755 0.813004 -0.767197
v -1.054687 0.621780 -0.356248
v -1.054687 0.621781 -0.767197
v -1.171299 0.403617 -0.356248
v -1.171298 0.403616 -0.767197
v -1.243107 0.166894 -0.356248
v -1.243107 0.166894 -0.767197
v -1.267353 -0.079289 -0.356248
v -1.267353 -0.079289 -0.767197
v -1.243106 -0.325472 -0.356248
v -1.243106 -0.325472 -0.767197
v -1.171297 -0.562194 -0.356248
v -1.171297 -0.562193 -0.767197
v -1.054686 -0.780359 -0.356248
v -1.054686 -0.780358 -0.767197
v -0.897753 -0.971581 -0.356248
v -0.897753 -0.971580 -0.767197
v -0.706530 -1.128513 -0.356248
v -0.706530 -1.128512 -0.767197
v -0.488366 -1.245124 -0.356248
v -0.488366 -1.245124 -0.767197
v -0.251644 -1.316932 -0.356248
v -0.251643 -1.316932 -0.767197
v -0.243782 -1.277412 -0.851289
v -0.472946 -1.207896 -0.851289
v -0.684144 -1.095008 -0.851289
v -0.869261 -0.943087 -0.851289
v -1.021182 -0.757971 -0.851289
v -1.134070 -0.546773 -0.851289
v -1.203586 -0.317611 -0.851289
v -1.227059 -0.079289 -0.851289
v -1.203586 0.159033 -0.851289
v -1.134071 0.388196 -0.851289
v -1.021183 0.599394 -0.851289
v -0.869262 0.784511 -0.851289
v -0.684146 0.936432 -0.851289
v -0.472948 1.049319 -0.851289
v -0.243785 1.118836 -0.851289
v -0.005463 1.142308 -0.851289
v 0.232859 1.118836 -0.851289
v 0.462022 1.049320 -0.851289
v 0.673220 0.936433 -0.851289
v 0.858337 0.784511 -0.851289
v 1.010258 0.599395 -0.851289
v 1.123145 0.388197 -0.851289
v 1.192661 0.159034 -0.851289
v 1.216134 -0.079288 -0.851289
v 1.192661 -0.317610 -0.851289
v 1.123145 -0.546772 -0.851289
v 1.010258 -0.757970 -0.851289
v 0.858336 -0.943087 -0.851289
v 0.673220 -1.095008 -0.851289
v 0.462022 -1.207896 -0.851289
v 0.232859 -1.277412 -0.851289
v -0.005463 -1.300884 -0.851289
v -0.243782 -1.277412 -0.297162
v -0.472946 -1.207896 -0.297162
v -0.684144 -1.095008 -0.297162
v -0.869261 -0.943087 -0.297162
v -1.021182 -0.757971 -0.297162
v -1.134070 -0.546773 -0.297162
v -1.203586 -0.317611 -0.297161
v -1.227059 -0.079289 -0.297162
v -1.203586 0.159033 -0.297161
v -1.134071 0.388196 -0.297161
v -1.021183 0.599394 -0.297162
v -0.869262 0.784511 -0.297162
v -0.684146 0.936432 -0.297161
v -0.472948 1.049320 -0.297161
v -0.243785 1.118836 -0.297161
v -0.005463 1.142308 -0.297161
v 0.232859 1.118836 -0.297161
v 0.462022 1.049321 -0.297161
v 0.673220 0.936433 -0.297161
v 0.858337 0.784511 -0.297162
v 1.010258 0.599395 -0.297162
v 1.123145 0.388197 -0.297161
v 1.192661 0.159034 -0.297161
v 1.216134 -0.079288 -0.297161
v 1.192661 -0.317610 -0.297161
v 1.123145 -0.546772 -0.297162
v 1.010258 -0.757970 -0.297162
v 0.858336 -0.943087 -0.297162
v 0.673220 -1.095008 -0.297162
v 0.462022 -1.207896 -0.297162
v 0.232859 -1.277412 -0.297162
v -0.005463 -1.300884 -0.297162
v 0.474410 1.079228 -0.811618
v 0.691205 0.963349 -0.811618
v 0.239174 1.150586 -0.811618
v -0.250100 1.150586 -0.811618
v -0.005463 1.174680 -0.811618
v 0.881226 0.807401 -0.811618
v 1.037173 0.617379 -0.811618
v 1.153053 0.400585 -0.811618
v 1.224411 0.165350 -0.811618
v 1.248505 -0.079288 -0.811618
v 1.224411 -0.323925 -0.811618
v 1.153053 -0.559160 -0.811618
v 1.037173 -0.775955 -0.811618
v 0.881226 -0.965976 -0.811618
v 0.691205 -1.121924 -0.811618
v 0.474410 -1.237803 -0.811618
v 0.239174 -1.309161 -0.811618
v -0.005463 -1.333255 -0.811618
v -0.250098 -1.309161 -0.811618
v -0.485333 -1.237803 -0.811618
v -0.702128 -1.121924 -0.811618
v -0.892150 -0.965977 -0.811618
v -1.048097 -0.775956 -0.811618
v -1.163977 -0.559161 -0.811618
v -0.485336 1.079226 -0.811618
v -0.702130 0.963348 -0.811618
v -0.892152 0.807401 -0.811618
v -1.048099 0.617378 -0.811618
v -1.163978 0.400584 -0.811618
v -1.235336 0.165349 -0.811618
v -1.235335 -0.323926 -0.811618
v -1.259430 -0.079289 -0.811618
v 1.224411 0.165349 -0.324330
v 1.248505 -0.079288 -0.324329
v 1.224410 -0.323925 -0.324330
v 1.153052 -0.559160 -0.324330
v 1.037173 -0.775955 -0.324330
v 0.881226 -0.965976 -0.324330
v 0.691204 -1.121924 -0.324330
v 0.474410 -1.237803 -0.324330
v 0.239174 -1.309161 -0.324330
v -0.005463 -1.333255 -0.324330
v -0.250098 -1.309161 -0.324330
v -0.485334 -1.237803 -0.324330
v -0.702128 -1.121924 -0.324330
v -0.892151 -0.965977 -0.324330
v -1.048098 -0.775956 -0.324330
v -1.163977 -0.559161 -0.324330
v -1.235335 -0.323926 -0.324330
v -1.259430 -0.079289 -0.324330
v -1.235336 0.165348 -0.324330
v -1.163978 0.400584 -0.324329
v -1.048099 0.617378 -0.324330
v -0.892152 0.807401 -0.324330
v -0.702130 0.963348 -0.324329
v -0.485336 1.079227 -0.324329
v -0.250100 1.150586 -0.324329
v -0.005463 1.174680 -0.324329
v 0.239174 1.150586 -0.324329
v 0.474410 1.079227 -0.324329
v 1.153052 0.400585 -0.324329
v 1.037173 0.617379 -0.324330
v 0.881226 0.807401 -0.324330
v 0.691204 0.963349 -0.324329
vn 0.0980 -0.9952 -0.0000
vn 0.4714 -0.8819 -0.0000
vn 0.7730 -0.6344 -0.0000
vn 0.9569 -0.2903 -0.0000
vn 0.9952 0.0980 -0.0000
vn 0.8819 0.4714 -0.0000
vn 0.6344 0.7730 -0.0000
vn -0.0980 -0.9952 -0.0000
vn 0.2903 0.9569 -0.0000
vn -0.4714 -0.8819 -0.0000
vn -0.7730 -0.6344 -0.0000
vn -0.0980 0.9952 -0.0000
vn -0.9569 -0.2903 -0.0000
vn -0.9952 0.0980 -0.0000
vn -0.4714 0.8819 -0.0000
vn -0.8819 0.4714 -0.0000
vn -0.6344 0.7730 -0.0000
vn -0.7730 0.6344 -0.0000
vn -0.2903 0.9569 -0.0000
vn 0.0980 0.9952 -0.0000
vn -0.9569 0.2903 -0.0000
vn 0.4714 0.8819 -0.0000
vn 0.7730 0.6344 -0.0000
vn -0.9952 -0.0980 -0.0000
vn 0.9569 0.2903 -0.0000
vn 0.0001 0.0006 1.0000
vn 0.9952 -0.0980 -0.0000
vn -0.8819 -0.4714 -0.0000
vn 0.8819 -0.4714 -0.0000
vn -1.0000 -0.0000 -0.0000
vn 0.6344 -0.7730 -0.0000
vn -0.6344 -0.7730 -0.0000
vn 0.2903 -0.9569 -0.0000
vn 0.0007 0.0075 -1.0000
vn 0.9808 -0.1951 -0.0000
vn -0.2903 -0.9569 -0.0000
vn -0.9239 0.3827 -0.0000
vn 0.0003 0.0005 1.0000
vn 0.8315 -0.5556 -0.0000
vn 0.0035 -0.1778 -0.9841
vn -0.0000 -1.0000 -0.0000
vn 0.0032 -0.4237 -0.9058
vn 0.0036 0.0067 -1.0000
vn 0.0058 0.0048 -1.0000
vn 0.5556 -0.8315 -0.0000
vn -0.7071 0.7071 -0.0000
vn 0.0004 0.0004 1.0000
vn 0.0072 0.0022 -1.0000
vn 0.1951 -0.9808 -0.0000
vn 0.0005 0.0002 1.0000
vn -0.3827 0.9239 -0.0000
vn 0.0006 -0.0001 1.0000
vn -0.0000 1.0000 -0.0000
vn 0.0075 -0.0007 -1.0000
vn -0.1951 -0.9808 -0.0000
vn 0.0067 -0.0036 -1.0000
vn 0.3827 0.9239 -0.0000
vn 0.0005 -0.0003 1.0000
vn -0.5556 -0.8315 -0.0000
vn -0.9239 -0.3827 -0.0000
vn -0.0002 0.0005 1.0000
vn 0.9808 0.1951 -0.0000
vn -0.0022 0.0072 -1.0000
vn -0.0048 0.0058 -1.0000
vn 0.8315 0.5556 -0.0000
vn -0.0004 0.0004 1.0000
vn -0.7071 -0.7071 -0.0000
vn 0.5556 0.8315 -0.0000
vn -0.3827 -0.9239 -0.0000
vn -0.0005 0.0003 1.0000
vn -0.0067 0.0036 -1.0000
vn -0.0075 0.0007 -1.0000
vn 0.1951 0.9808 -0.0000
vn -0.0006 0.0001 1.0000
vn -0.0004 -0.0004 1.0000
vn -0.0005 -0.0002 1.0000
vn -0.1951 0.9808 -0.0000
vn -0.0072 -0.0022 -1.0000
vn 0.3827 -0.9239 -0.0000
vn -0.0058 -0.0048 -1.0000
vn -0.5556 0.8315 -0.0000
vn 0.7071 -0.7071 -0.0000
vn -0.0003 -0.0005 1.0000
vn 0.9239 -0.3827 -0.0000
vn -0.8315 0.5556 -0.0000
vn -0.0036 -0.0067 -1.0000
vn -0.0007 -0.0075 -1.0000
vn 1.0000 -0.0000 -0.0000
vn -0.0001 -0.0006 1.0000
vn -0.9808 0.1951 -0.0000
vn -0.9808 -0.1951 -0.0000
vn -0.8315 -0.5556 -0.0000
vn 0.7071 0.7071 -0.0000
vn 0.0048 -0.0058 -1.0000
vn 0.0004 -0.0004 1.0000
vn 0.0002 -0.0005 1.0000
vn 0.9239 0.3827 -0.0000
vn 0.0022 -0.0072 -1.0000
vn 0.0538 -0.2702 -0.9613
vn -0.0000 -0.2755 -0.9613
vn -0.0538 -0.2702 -0.9613
vn -0.1054 -0.2546 -0.9613
vn -0.1531 -0.2291 -0.9613
vn -0.1948 -0.1948 -0.9613
vn -0.2291 -0.1531 -0.9613
vn -0.2546 -0.1054 -0.9613
vn -0.2702 -0.0538 -0.9613
vn -0.2755 -0.0000 -0.9613
vn -0.2702 0.0538 -0.9613
vn -0.2546 0.1054 -0.9613
vn -0.2291 0.1531 -0.9613
vn -0.1948 0.1948 -0.9613
vn -0.1531 0.2291 -0.9613
vn -0.1054 0.2546 -0.9613
vn -0.0538 0.2702 -0.9613
vn -0.0000 0.2755 -0.9613
vn 0.0538 0.2702 -0.9613
vn 0.1054 0.2546 -0.9613
vn 0.1531 0.2291 -0.9613
vn 0.1948 0.1948 -0.9613
vn 0.2291 0.1531 -0.9613
vn 0.2546 0.1054 -0.9613
vn 0.2702 0.0538 -0.9613
vn 0.2755 -0.0000 -0.9613
vn 0.2702 -0.0538 -0.9613
vn 0.2546 -0.1054 -0.9613
vn 0.2291 -0.1531 -0.9613
vn 0.1948 -0.1948 -0.9613
vn 0.1531 -0.2291 -0.9613
vn 0.1054 -0.2546 -0.9613
vn -0.0075 -0.0007 1.0000
vn -0.0067 -0.0036 1.0000
vn -0.0022 -0.0072 1.0000
vn 0.3440 0.8305 -0.4382
vn 0.4994 0.7474 -0.4382
vn 0.1754 0.8816 -0.4382
vn 0.0007 -0.0075 1.0000
vn -0.1754 0.8816 -0.4382
vn -0.0000 0.8989 -0.4382
vn -0.0000 0.9845 -0.1756
vn 0.1921 0.9655 -0.1756
vn 0.0036 -0.0067 1.0000
vn 0.0058 -0.0048 1.0000
vn 0.0072 -0.0022 1.0000
vn 0.0075 0.0007 1.0000
vn 0.0067 0.0036 1.0000
vn 0.0048 0.0058 1.0000
vn 0.0022 0.0072 1.0000
vn -0.0007 0.0075 1.0000
vn -0.0036 0.0067 1.0000
vn -0.0058 0.0048 1.0000
vn -0.0072 0.0022 1.0000
vn -0.0048 -0.0058 1.0000
vn 0.6356 0.6356 -0.4382
vn 0.7474 0.4994 -0.4382
vn 0.8305 0.3440 -0.4382
vn 0.6961 0.6961 -0.1756
vn 0.8185 0.5469 -0.1756
vn 0.8816 0.1754 -0.4382
vn 0.9095 0.3767 -0.1756
vn 0.9655 0.1921 -0.1756
vn 0.8989 -0.0000 -0.4382
vn 0.8816 -0.1754 -0.4382
vn 0.8305 -0.3440 -0.4382
vn 0.7474 -0.4994 -0.4382
vn 0.9095 -0.3767 -0.1756
vn 0.8185 -0.5469 -0.1756
vn 0.6356 -0.6356 -0.4382
vn 0.4994 -0.7474 -0.4382
vn 0.3440 -0.8305 -0.4382
vn 0.1754 -0.8816 -0.4382
vn -0.0000 -0.8989 -0.4382
vn -0.1754 -0.8816 -0.4382
vn -0.0000 -0.9845 -0.1756
vn -0.1921 -0.9655 -0.1756
vn -0.3767 -0.9095 -0.1756
vn -0.3440 -0.8305 -0.4382
vn -0.4994 -0.7474 -0.4382
vn -0.5469 -0.8186 -0.1756
vn -0.6961 -0.6961 -0.1756
vn -0.6356 -0.6356 -0.4382
vn -0.7474 -0.4994 -0.4382
vn -0.8185 -0.5469 -0.1756
vn -0.9095 -0.3767 -0.1756
vn -0.8305 -0.3440 -0.4382
vn -0.3440 0.8305 -0.4382
vn -0.4994 0.7474 -0.4382
vn -0.5469 0.8186 -0.1756
vn -0.3767 0.9095 -0.1756
vn -0.6356 0.6356 -0.4382
vn -0.7474 0.4994 -0.4382
vn -0.8186 0.5469 -0.1756
vn -0.6961 0.6961 -0.1756
vn -0.8305 0.3440 -0.4382
vn -0.9095 0.3767 -0.1756
vn -0.8816 0.1754 -0.4382
vn -0.9655 0.1921 -0.1756
vn -0.8816 -0.1754 -0.4382
vn -0.9655 -0.1921 -0.1756
vn -0.9845 -0.0000 -0.1756
vn -0.8989 -0.0000 -0.4382
vn 0.0477 -0.2400 0.9696
vn 0.0936 -0.2261 0.9696
vn 0.1359 -0.2035 0.9696
vn 0.1730 -0.1730 0.9696
vn 0.2035 -0.1359 0.9696
vn 0.2261 -0.0936 0.9696
vn 0.2400 -0.0477 0.9696
vn 0.2447 -0.0000 0.9696
vn 0.2400 0.0477 0.9696
vn 0.2261 0.0936 0.9696
vn 0.2035 0.1359 0.9696
vn 0.1730 0.1730 0.9696
vn 0.1359 0.2035 0.9696
vn 0.0936 0.2261 0.9696
vn 0.0477 0.2400 0.9696
vn -0.0000 0.2447 0.9696
vn -0.0477 0.2400 0.9696
vn -0.0936 0.2261 0.9696
vn -0.1359 0.2035 0.9696
vn -0.1730 0.1730 0.9696
vn -0.2035 0.1359 0.9696
vn -0.2261 0.0936 0.9696
vn -0.2400 0.0477 0.9696
vn -0.2447 -0.0000 0.9696
vn -0.2400 -0.0477 0.9696
vn -0.2261 -0.0936 0.9696
vn -0.2035 -0.1359 0.9696
vn -0.1730 -0.1730 0.9696
vn -0.1359 -0.2035 0.9696
vn -0.0936 -0.2261 0.9696
vn -0.0477 -0.2400 0.9696
vn -0.0000 -0.2447 0.9696
vn 0.0001 -0.0006 -1.0000
vn -0.0002 -0.0005 -1.0000
vn -0.0004 -0.0004 -1.0000
vn -0.0005 -0.0003 -1.0000
vn -0.0006 -0.0001 -1.0000
vn -0.0005 0.0002 -1.0000
vn -0.0004 0.0004 -1.0000
vn -0.0003 0.0005 -1.0000
vn -0.0001 0.0006 -1.0000
vn 0.0002 0.0005 -1.0000
vn 0.0004 0.0004 -1.0000
vn 0.0005 0.0003 -1.0000
vn 0.0006 0.0001 -1.0000
vn 0.0005 -0.0002 -1.0000
vn 0.0004 -0.0004 -1.0000
vn 0.0003 -0.0005 -1.0000
vn 0.8058 0.1603 0.5700
vn 0.8216 -0.0000 0.5701
vn 0.8058 -0.1603 0.5701
vn 0.9519 -0.1893 0.2409
vn 0.9705 -0.0000 0.2409
vn 0.7591 -0.3144 0.5701
vn 0.6831 -0.4565 0.5701
vn 0.5810 -0.5810 0.5701
vn 0.4565 -0.6831 0.5701
vn 0.5392 -0.8070 0.2409
vn 0.6863 -0.6863 0.2409
vn 0.3144 -0.7591 0.5701
vn 0.3714 -0.8967 0.2409
vn 0.1603 -0.8058 0.5701
vn -0.0000 -0.8216 0.5701
vn -0.1603 -0.8058 0.5701
vn -0.1893 -0.9519 0.2409
vn -0.0000 -0.9705 0.2409
vn -0.3144 -0.7591 0.5701
vn -0.4565 -0.6831 0.5701
vn -0.5810 -0.5810 0.5701
vn -0.6831 -0.4565 0.5701
vn -0.7591 -0.3144 0.5701
vn -0.8058 -0.1603 0.5701
vn -0.8216 -0.0000 0.5700
vn -0.9705 -0.0000 0.2409
vn -0.9519 -0.1893 0.2409
vn -0.8058 0.1603 0.5701
vn -0.9519 0.1893 0.2409
vn -0.7591 0.3144 0.5701
vn -0.8967 0.3714 0.2409
vn -0.6831 0.4565 0.5701
vn -0.5810 0.5810 0.5700
vn -0.4565 0.6831 0.5701
vn -0.3144 0.7591 0.5701
vn -0.1603 0.8058 0.5701
vn -0.1893 0.9519 0.2409
vn -0.3714 0.8967 0.2409
vn -0.0000 0.8216 0.5700
vn -0.0000 0.9705 0.2409
vn 0.1603 0.8058 0.5700
vn 0.1893 0.9519 0.2409
vn 0.3144 0.7591 0.5700
vn 0.3714 0.8967 0.2409
vn 0.7591 0.3144 0.5700
vn 0.9519 0.1893 0.2409
vn 0.8967 0.3714 0.2409
vn 0.6831 0.4565 0.5700
vn 0.8070 0.5392 0.2409
vn 0.5810 0.5810 0.5700
vn 0.4565 0.6831 0.5700
vn 0.6863 0.6863 0.2409
vn 0.5392 0.8070 0.2409
vn 0.3767 0.9095 -0.1756
vn 0.5469 0.8185 -0.1756
vn -0.1921 0.9655 -0.1756
vn 0.9845 -0.0000 -0.1756
vn 0.9655 -0.1921 -0.1756
vn 0.6961 -0.6961 -0.1756
vn 0.5469 -0.8185 -0.1756
vn 0.3767 -0.9095 -0.1756
vn 0.1921 -0.9655 -0.1756
vn 0.8967 -0.3714 0.2409
vn 0.8070 -0.5392 0.2409
vn 0.1893 -0.9519 0.2409
vn -0.3714 -0.8967 0.2409
vn -0.5392 -0.8070 0.2409
vn -0.6863 -0.6863 0.2409
vn -0.8070 -0.5392 0.2409
vn -0.8967 -0.3714 0.2409
vn -0.8070 0.5392 0.2409
vn -0.6863 0.6863 0.2409
vn -0.5392 0.8070 0.2409
s 0
f 939//1011 940//1011 942//1011 941//1011
f 943//1012 944//1012 946//1012 945//1012
f 947//1013 948//1013 950//1013 949//1013
f 951//1014 952//1014 954//1014 953//1014
f 955//1015 956//1015 958//1015 957//1015
f 959//1016 960//1016 962//1016 961//1016
f 963//1017 964//1017 966//1017 965//1017
s 1
f 1063//1018 1064//1018 937//1018 938//1018
s 0
f 967//1019 968//1019 970//1019 969//1019
s 1
f 1059//1020 1060//1020 1062//1020 1061//1020
f 1055//1021 1056//1021 1058//1021 1057//1021
s 0
f 971//1022 972//1022 974//1022 973//1022
s 1
f 1051//1023 1052//1023 1054//1023 1053//1023
f 1047//1024 1048//1024 1050//1024 1049//1024
s 0
f 975//1025 976//1025 978//1025 977//1025
s 1
f 1043//1026 1044//1026 1046//1026 1045//1026
f 1039//1027 1040//1027 1042//1027 1041//1027
s 0
f 979//1028 980//1028 982//1028 981//1028
s 1
f 1035//1029 1036//1029 1038//1029 1037//1029
f 1031//1030 1032//1030 1034//1030 1033//1030
s 0
f 983//1031 984//1031 986//1031 985//1031
s 1
f 1027//1032 1028//1032 1030//1032 1029//1032
f 1023//1033 1024//1033 1026//1033 1025//1033
s 0
f 987//1034 988//1034 990//1034 989//1034
s 1
f 1019//1035 1020//1035 1022//1035 1021//1035
f 969//1036 1031//1036 1033//1036 971//1036
f 1015//1037 1016//1037 1018//1037 1017//1037
s 0
f 991//1038 992//1038 994//1038 993//1038
s 1
f 1011//1039 1012//1039 1014//1039 1013//1039
s 0
f 1034//1040 972//1040 971//1040 1033//1040
s 1
f 1007//1041 1008//1041 1010//1041 1009//1041
s 0
f 995//1042 996//1042 998//1042 997//1042
s 1
f 1003//1043 1004//1043 1006//1043 1005//1043
f 972//1044 1034//1044 1032//1044 970//1044
s 0
f 970//1045 1032//1045 1031//1045 969//1045
f 999//1046 1000//1046 1002//1046 1001//1046
f 1030//1047 968//1047 967//1047 1029//1047
s 1
f 965//1048 1027//1048 1029//1048 967//1048
s 0
f 966//1049 1028//1049 1027//1049 965//1049
s 1
f 966//1050 975//1051 977//1051 968//1052
f 1028//1053 966//1050 968//1052 1030//1053
f 964//1054 1026//1054 1024//1054 962//1054
s 0
f 962//1055 1024//1055 1023//1055 961//1055
f 1026//1056 964//1056 963//1056 1025//1056
s 1
f 961//1057 1023//1057 1025//1057 963//1057
f 960//1058 1022//1058 1020//1058 958//1058
s 0
f 958//1059 1020//1059 1019//1059 957//1059
s 1
f 957//1060 1019//1060 1021//1060 959//1060
s 0
f 1022//1061 960//1061 959//1061 1021//1061
s 1
f 953//1062 1015//1062 1017//1062 955//1062
s 0
f 1018//1063 956//1063 955//1063 1017//1063
s 1
f 956//1064 1018//1064 1016//1064 954//1064
s 0
f 954//1065 1016//1065 1015//1065 953//1065
s 1
f 952//1066 1014//1066 1012//1066 950//1066
s 0
f 1014//1067 952//1067 951//1067 1013//1067
s 1
f 949//1068 1011//1068 1013//1068 951//1068
s 0
f 950//1069 1012//1069 1011//1069 949//1069
f 1038//1070 976//1070 975//1070 1037//1070
s 1
f 973//1071 1035//1071 1037//1071 975//1071
s 0
f 974//1072 1036//1072 1035//1072 973//1072
s 1
f 976//1073 1038//1073 1036//1073 974//1073
f 980//1074 1042//1074 1040//1074 978//1074
s 0
f 978//1075 1040//1075 1039//1075 977//1075
s 1
f 977//1076 1039//1076 1041//1076 979//1076
s 0
f 1042//1077 980//1077 979//1077 1041//1077
f 982//1078 1044//1078 1043//1078 981//1078
f 1046//1079 984//1079 983//1079 1045//1079
s 1
f 981//1080 1043//1080 1045//1080 983//1080
f 984//1081 1046//1081 1044//1081 982//1081
f 988//1082 1050//1082 1048//1082 986//1082
s 0
f 1050//1051 988//1051 987//1051 1049//1051
f 986//1083 1048//1083 1047//1083 985//1083
s 1
f 985//1084 1047//1084 1049//1084 987//1084
f 993//1085 1055//1085 1057//1085 995//1085
f 989//1086 1051//1086 1053//1086 991//1086
s 0
f 990//1087 1052//1087 1051//1087 989//1087
s 1
f 992//1088 1054//1088 1052//1088 990//1088
s 0
f 1054//1089 992//1089 991//1089 1053//1089
s 1
f 996//1090 1058//1090 1056//1090 994//1090
s 0
f 994//1091 1056//1091 1055//1091 993//1091
f 1058//1092 996//1092 995//1092 1057//1092
s 1
f 997//1093 1059//1093 1061//1093 999//1093
s 0
f 1062//1094 1000//1094 999//1094 1061//1094
f 998//1095 1060//1095 1059//1095 997//1095
s 1
f 1000//1096 1062//1096 1060//1096 998//1096
f 940//1097 937//1097 1064//1097 1002//1097
s 0
f 939//1098 938//1098 937//1098 940//1098
s 1
f 1001//1099 1063//1099 938//1099 939//1099
s 0
f 1002//1100 1064//1100 1063//1100 1001//1100
f 942//1101 1004//1101 1003//1101 941//1101
f 946//1102 1008//1102 1007//1102 945//1102
f 1010//1103 948//1103 947//1103 1009//1103
s 1
f 948//1104 1010//1104 1008//1104 946//1104
f 945//1105 1007//1105 1009//1105 947//1105
f 941//1106 1003//1106 1005//1106 943//1106
s 0
f 1006//1107 944//1107 943//1107 1005//1107
s 1
f 944//1108 1006//1108 1004//1108 942//1108
f 1095//1109 1096//1110 1065//1111 1066//1112 1067//1113 1068//1114 1069//1115 1070//1116 1071//1117 1072//1118 1073//1119 1074//1120 1075//1121 1076//1122 1077//1123 1078//1124 1079//1125 1080//1126 1081//1127 1082//1128 1083//1129 1084//1130 1085//1131 1086//1132 1087//1133 1088//1134 1089//1135 1090//1136 1091//1137 1092//1138 1093//1139 1094//1140
s 0
f 958//1141 956//1141 1018//1141 1020//1141
f 962//1142 960//1142 1022//1142 1024//1142
f 970//1143 968//1143 1030//1143 1032//1143
s 1
f 1129//1144 1130//1145 1083//1129 1082//1128
f 1131//1146 1129//1144 1082//1128 1081//1127
s 0
f 974//1147 972//1147 1034//1147 1036//1147
s 1
f 1132//1148 1133//1149 1080//1126 1079//1125
f 1131//1146 1133//1149 1034//1150 1032//1151
s 0
f 978//1152 976//1152 1038//1152 1040//1152
f 980//1153 1042//1153 1044//1153 982//1153
f 1046//1154 1048//1154 986//1154 984//1154
f 990//1155 988//1155 1050//1155 1052//1155
f 1056//1156 994//1156 992//1156 1054//1156
f 1058//1157 1060//1157 998//1157 996//1157
f 1064//1158 1002//1158 1000//1158 1062//1158
f 942//1159 940//1159 937//1159 1004//1159
f 946//1160 944//1160 1006//1160 1008//1160
f 950//1161 948//1161 1010//1161 1012//1161
f 954//1162 952//1162 1014//1162 1016//1162
f 966//1163 964//1163 1026//1163 1028//1163
s 1
f 1130//1145 1134//1164 1084//1130 1083//1129
f 1135//1165 1136//1166 1086//1132 1085//1131
f 1135//1165 1134//1164 1026//1167 1024//1168
f 1137//1169 1136//1166 1022//1170 1020//1171
f 1137//1169 1138//1172 1088//1134 1087//1133
f 1138//1172 1139//1173 1089//1135 1088//1134
f 1139//1173 1140//1174 1090//1136 1089//1135
f 1141//1175 1140//1174 1014//1176 1012//1177
f 1141//1175 1142//1178 1092//1138 1091//1137
f 1142//1178 1143//1179 1093//1139 1092//1138
f 1143//1179 1144//1180 1094//1140 1093//1139
f 1144//1180 1145//1181 1095//1109 1094//1140
f 1145//1181 1146//1182 1096//1110 1095//1109
f 1147//1183 1146//1182 937//1184 1064//1185
f 1147//1183 1064//1185 1062//1186 1148//1187
f 1149//1188 1067//1113 1066//1112 1148//1187
f 1149//1188 1060//1189 1058//1190 1150//1191
f 1151//1192 1069//1115 1068//1114 1150//1191
f 1151//1192 1056//1193 1054//1194 1152//1195
f 1132//1148 1079//1125 1078//1124 1153//1196
f 1154//1197 1040//1198 1038//1199 1153//1196
f 1154//1197 1077//1123 1076//1122 1155//1200
f 1156//1201 1044//1202 1042//1203 1155//1200
f 1157//1204 1046//1205 1044//1202 1156//1201
f 1158//1206 1048//1207 1046//1205 1157//1204
f 1159//1208 1071//1117 1070//1116 1152//1195
f 1159//1208 1052//1209 1050//1210 1160//1211
f 1158//1206 1073//1119 1072//1118 1160//1211
f 1127//1212 1126//1213 1125//1214 1124//1215 1123//1216 1122//1217 1121//1218 1120//1219 1119//1220 1118//1221 1117//1222 1116//1223 1115//1224 1114//1225 1113//1226 1112//1227 1111//1228 1110//1229 1109//1230 1108//1231 1107//1232 1106//1233 1105//1234 1104//1235 1103//1236 1102//1237 1101//1238 1100//1239 1099//1240 1098//1241 1097//1242 1128//1243
s 0
f 973//1244 1035//1244 1033//1244 971//1244
f 1031//1245 1029//1245 967//1245 969//1245
f 1027//1246 1025//1246 963//1246 965//1246
f 961//1247 1023//1247 1021//1247 959//1247
f 957//1248 1019//1248 1017//1248 955//1248
f 953//1249 1015//1249 1013//1249 951//1249
f 949//1250 1011//1250 1009//1250 947//1250
f 943//1251 945//1251 1007//1251 1005//1251
f 941//1252 1003//1252 938//1252 939//1252
f 1001//1253 1063//1253 1061//1253 999//1253
f 997//1254 1059//1254 1057//1254 995//1254
f 993//1255 1055//1255 1053//1255 991//1255
f 1051//1256 1049//1256 987//1256 989//1256
f 1047//1257 1045//1257 983//1257 985//1257
f 981//1258 1043//1258 1041//1258 979//1258
f 977//1259 1039//1259 1037//1259 975//1259
s 1
f 1161//1260 1119//1220 1120//1219 1162//1261
f 1163//1262 1015//1263 1017//1264 1162//1261
f 1163//1262 1121//1218 1122//1217 1164//1265
f 1164//1265 1122//1217 1123//1216 1165//1266
f 1165//1266 1123//1216 1124//1215 1166//1267
f 1167//1268 1007//1269 1009//1270 1166//1267
f 1167//1268 1168//1271 1005//1272 1007//1269
f 1168//1271 1126//1213 1127//1212 1169//1273
f 1169//1273 1127//1212 1128//1243 1170//1274
f 1171//1275 1063//1276 938//1277 1170//1274
f 1171//1275 1097//1242 1098//1241 1172//1278
f 1172//1278 1098//1241 1099//1240 1173//1279
f 1173//1279 1099//1240 1100//1239 1174//1280
f 1174//1280 1100//1239 1101//1238 1175//1281
f 1175//1281 1101//1238 1102//1237 1176//1282
f 1176//1282 1102//1237 1103//1236 1177//1283
f 1177//1283 1178//1284 1049//1285 1051//1286
f 1178//1284 1179//1287 1047//1288 1049//1285
f 1179//1287 1180//1289 1045//1290 1047//1288
f 1180//1289 1106//1233 1107//1232 1181//1291
f 1181//1291 1107//1232 1108//1231 1182//1292
f 1182//1292 1108//1231 1109//1230 1183//1293
f 1183//1293 1109//1230 1110//1229 1184//1294
f 1184//1294 1185//1295 1035//1296 1037//1297
f 1185//1295 1186//1298 1033//1299 1035//1296
f 1186//1298 1187//1300 1031//1301 1033//1299
f 1187//1300 1188//1302 1029//1303 1031//1301
f 1189//1304 1161//1260 1019//1305 1021//1306
f 1190//1307 1189//1304 1021//1306 1023//1308
f 1190//1307 1191//1309 1116//1223 1117//1222
f 1192//1310 1191//1309 1025//1311 1027//1312
f 1188//1302 1192//1310 1027//1312 1029//1303
f 1030//1313 1028//1314 1130//1145 1129//1144
f 1032//1151 1030//1313 1129//1144 1131//1146
f 1036//1315 1034//1150 1133//1149 1132//1148
f 1081//1127 1080//1126 1133//1149 1131//1146
f 1028//1314 1026//1167 1134//1164 1130//1145
f 1024//1168 1022//1170 1136//1166 1135//1165
f 1085//1131 1084//1130 1134//1164 1135//1165
f 1087//1133 1086//1132 1136//1166 1137//1169
f 1020//1171 1018//1316 1138//1172 1137//1169
f 1018//1316 1016//1317 1139//1173 1138//1172
f 1016//1317 1014//1176 1140//1174 1139//1173
f 1091//1137 1090//1136 1140//1174 1141//1175
f 1012//1177 1010//1318 1142//1178 1141//1175
f 1010//1318 1008//1319 1143//1179 1142//1178
f 1008//1319 1006//1320 1144//1180 1143//1179
f 1006//1320 1004//1321 1145//1181 1144//1180
f 1004//1321 937//1184 1146//1182 1145//1181
f 1065//1111 1096//1110 1146//1182 1147//1183
f 1065//1111 1147//1183 1148//1187 1066//1112
f 1060//1189 1149//1188 1148//1187 1062//1186
f 1067//1113 1149//1188 1150//1191 1068//1114
f 1056//1193 1151//1192 1150//1191 1058//1190
f 1069//1115 1151//1192 1152//1195 1070//1116
f 1036//1315 1132//1148 1153//1196 1038//1199
f 1077//1123 1154//1197 1153//1196 1078//1124
f 1040//1198 1154//1197 1155//1200 1042//1203
f 1075//1121 1156//1201 1155//1200 1076//1122
f 1074//1120 1157//1204 1156//1201 1075//1121
f 1073//1119 1158//1206 1157//1204 1074//1120
f 1052//1209 1159//1208 1152//1195 1054//1194
f 1071//1117 1159//1208 1160//1211 1072//1118
f 1048//1207 1158//1206 1160//1211 1050//1210
f 1019//1305 1161//1260 1162//1261 1017//1264
f 1121//1218 1163//1262 1162//1261 1120//1219
f 1015//1263 1163//1262 1164//1265 1013//1322
f 1013//1322 1164//1265 1165//1266 1011//1323
f 1011//1323 1165//1266 1166//1267 1009//1270
f 1125//1214 1167//1268 1166//1267 1124//1215
f 1125//1214 1126//1213 1168//1271 1167//1268
f 1005//1272 1168//1271 1169//1273 1003//1324
f 1003//1324 1169//1273 1170//1274 938//1277
f 1097//1242 1171//1275 1170//1274 1128//1243
f 1063//1276 1171//1275 1172//1278 1061//1325
f 1061//1325 1172//1278 1173//1279 1059//1326
f 1059//1326 1173//1279 1174//1280 1057//1327
f 1057//1327 1174//1280 1175//1281 1055//1328
f 1055//1328 1175//1281 1176//1282 1053//1329
f 1053//1329 1176//1282 1177//1283 1051//1286
f 1103//1236 1104//1235 1178//1284 1177//1283
f 1104//1235 1105//1234 1179//1287 1178//1284
f 1105//1234 1106//1233 1180//1289 1179//1287
f 1045//1290 1180//1289 1181//1291 1043//1330
f 1043//1330 1181//1291 1182//1292 1041//1331
f 1041//1331 1182//1292 1183//1293 1039//1332
f 1039//1332 1183//1293 1184//1294 1037//1297
f 1110//1229 1111//1228 1185//1295 1184//1294
f 1111//1228 1112//1227 1186//1298 1185//1295
f 1112//1227 1113//1226 1187//1300 1186//1298
f 1113//1226 1114//1225 1188//1302 1187//1300
f 1118//1221 1119//1220 1161//1260 1189//1304
f 1117//1222 1118//1221 1189//1304 1190//1307
f 1023//1308 1025//1311 1191//1309 1190//1307
f 1115//1224 1116//1223 1191//1309 1192//1310
f 1114//1225 1115//1224 1192//1310 1188//1302
o Cube
v -2.264628 -1.772388 3.006953
v -1.349964 -1.086835 0.028338
v 1.310204 -1.130844 0.028338
v 2.219182 -1.827081 3.006953
v -2.277164 1.576381 3.006953
v -1.360052 0.887366 0.028338
v 1.330837 0.931531 0.028338
v 2.244825 1.631268 3.006953
v -1.541174 -1.222479 2.525474
v 1.495729 -1.277171 2.525474
v -1.553710 1.026471 2.525474
v 1.640198 1.139286 2.525474
v -1.917816 -1.508770 3.006953
v 1.872370 -1.563463 3.006953
v -1.930352 1.312763 3.006953
v 1.898013 1.367650 3.006953
v 1.157173 0.978143 0.028338
v 1.157173 -1.195489 0.028338
v 1.918087 1.689196 3.006953
v 1.918087 -1.907420 3.006953
v 1.330884 1.139286 2.525474
v 1.330884 -1.357510 2.525474
v 1.636591 1.425578 3.006953
v 1.636591 -1.643802 3.006953
v -1.433151 0.709636 0.028338
v -2.368010 1.244908 3.006953
v 1.426452 0.709636 0.028338
v 2.363652 1.244908 3.006953
v -1.644556 0.830859 2.525474
v 1.640198 0.830859 2.525474
v -2.021198 1.046419 3.006953
v 2.016839 1.046419 3.006953
v 1.255571 0.653592 2.168087
v -1.433151 -0.958947 0.028338
v 1.426452 -0.958947 0.028338
v 2.363652 -1.516024 3.006953
v 1.640198 -1.085800 2.525474
v 2.016839 -1.309781 3.006953
v 1.290613 -0.769123 2.168087
v -2.368010 -1.516024 3.006953
v -1.644556 -1.085800 2.525474
v -2.021198 -1.309781 3.006953
v -1.171341 -1.195489 0.028338
v -1.934804 1.689196 3.006953
v -1.343821 1.139286 2.525474
v -1.651496 1.425578 3.006953
v -1.171341 0.978143 0.028338
v -1.934804 -1.907420 3.006953
v -1.343821 -1.357510 2.525474
v -1.651496 -1.643802 3.006953
v -1.301542 0.614598 2.168087
v -1.289809 -0.754922 2.168087
v -1.776088 1.195505 0.472633
v -1.763552 -1.391512 0.472633
v 1.743749 1.250391 0.472633
v 1.718107 -1.446204 0.472633
v 1.511380 -1.526544 0.472633
v 1.511380 1.308320 0.472633
v -1.866934 0.958131 0.472633
v 1.862576 0.958131 0.472633
v -1.866934 -1.218044 0.472633
v 1.862576 -1.218044 0.472633
v -1.525480 1.308320 0.472633
v -1.525480 -1.526544 0.472633
v 0.861203 0.628635 1.645261
v 0.903418 -0.743436 1.645261
v -0.915032 0.591030 1.645261
v -0.905344 -0.729740 1.645261
v 2.486307 -0.314482 3.006953
v 1.640198 -0.251681 2.525474
v 2.016839 -0.284377 3.006953
v 1.474901 -0.213540 2.168087
v -2.490665 -0.314482 3.006953
v -1.644556 -0.251681 2.525474
v -2.021198 -0.284377 3.006953
v -1.501264 -0.252791 2.168087
v 1.063372 -0.207630 1.645261
v -1.087731 -0.245483 1.645261
v -0.026088 1.099651 2.168087
v -0.006386 -1.251569 2.168087
v -0.989931 1.827392 3.003471
v -0.006469 1.139286 2.525474
v 0.827193 1.425578 3.006953
v -0.989931 -2.045843 3.003471
v -0.006469 -1.357510 2.525474
v 0.827193 -1.643802 3.006953
v -0.022838 1.058817 1.645261
v -0.006568 -1.208709 1.645261
v -0.815930 0.900554 2.168087
v -0.747511 -1.108693 2.168087
v -0.637630 1.139286 2.525474
v -0.783356 1.425578 3.006953
v -0.783356 -1.643802 3.006953
v -0.599065 0.866807 1.645261
v -0.542567 -1.070919 1.645261
v 0.790848 0.883241 2.168087
v 0.790848 -1.068424 2.168087
v 1.042413 1.827392 3.003471
v 0.672476 1.139286 2.525474
v 1.042413 -2.045843 3.003471
v 0.570009 0.850110 1.645261
v 0.570009 -1.032083 1.645261
v 2.486307 0.465213 3.006953
v 1.640198 0.289589 2.525474
v 2.016839 0.381021 3.006953
v 1.484785 0.311046 2.168087
v -2.490665 0.465213 3.006953
v -1.644556 0.289589 2.525474
v -2.021198 0.381021 3.006953
v 1.050482 0.298283 1.645261
v -1.496258 0.291420 2.168087
v -1.075824 0.279356 1.645261
v -1.053438 -0.774937 1.906674
v 1.052486 -0.789540 1.906674
v -1.063768 0.633330 1.906674
v 1.014785 0.673427 1.906674
v -1.243628 -0.258599 1.906674
v 1.218756 -0.218238 1.906674
v -0.006453 -1.263460 1.906674
v -0.023800 1.132107 1.906674
v -0.619806 -1.138718 1.906674
v -0.680048 0.927377 1.906674
v 0.653337 -1.097309 1.906674
v 0.653337 0.909575 1.906674
v 1.216603 0.321190 1.906674
v -1.235212 0.301009 1.906674
v -2.056744 -1.613763 2.522758
v 2.036615 1.473102 2.522758
v 1.751136 -1.751658 2.522758
v 1.751136 1.532259 2.522758
v -2.162318 1.126598 2.522758
v -2.162318 -1.394291 2.522758
v -1.766776 1.532259 2.522758
v -1.766776 -1.751658 2.522758
v -2.069546 1.417052 2.522758
v 2.010430 -1.669616 2.522758
v 2.157961 1.126598 2.522758
v 2.157961 -1.394291 2.522758
v -2.274309 -0.297215 2.522758
v -2.274309 0.414692 2.522758
v 1.857436 1.336417 3.097490
v 1.834440 -1.528628 3.097490
v -1.875634 -1.479580 3.097490
v -1.886876 1.287194 3.097490
v 1.593704 -1.600677 3.097490
v 1.593704 1.388367 3.097490
v 1.964000 1.019132 3.097490
v -1.968347 1.019132 3.097490
v 1.964000 -1.275398 3.097490
v -1.968347 -1.275398 3.097490
v -1.608322 1.388367 3.097490
v -1.608322 -1.600677 3.097490
v -2.001108 0.371150 3.097490
v 1.996761 0.371150 3.097490
v -0.823400 -1.715508 3.100972
v -0.823400 1.503426 3.100972
v 0.865622 -1.715508 3.100972
v 0.865622 1.503426 3.100972
v 2.134409 1.113413 1.497696
v -2.027844 -1.588581 1.497696
v 2.006915 1.452497 1.497696
v 1.732019 -1.733462 1.497696
v 1.732019 1.514651 1.497696
v -2.138767 1.113413 1.497696
v -2.138767 -1.379991 1.497696
v -1.747537 1.514651 1.497696
v -1.747537 -1.733462 1.497696
v -2.041295 1.393607 1.497696
v 1.979403 -1.647263 1.497696
v 2.134409 -1.379991 1.497696
v -2.198216 -0.294876 1.497696
v -2.198216 0.409268 1.497696
vn -0.5778 -0.6317 0.5168
vn -0.2505 -0.2596 -0.9327
vn 0.2345 -0.2979 -0.9253
vn 0.5250 -0.6890 0.4996
vn -0.5851 0.6348 0.5047
vn -0.2717 0.2639 -0.9255
vn 0.2482 0.3171 -0.9153
vn 0.5299 0.6950 0.4860
vn 0.4493 0.4785 0.7544
vn -0.4209 0.5121 0.7487
vn 0.4842 -0.4711 0.7373
vn -0.4393 -0.5311 0.7245
vn 0.6771 0.7277 0.1096
vn -0.6050 0.7897 0.1018
vn 0.6870 -0.7167 0.1196
vn -0.5976 -0.7999 0.0547
vn 0.0425 0.4346 -0.8996
vn 0.0665 -0.4377 -0.8967
vn 0.1142 0.8552 0.5056
vn 0.1894 -0.8265 0.5302
vn -0.1525 -0.7143 0.6830
vn -0.1919 0.7244 0.6622
vn -0.1031 -0.9747 0.1986
vn -0.1992 0.9553 0.2186
vn -0.3440 0.0529 -0.9375
vn -0.7558 0.1740 0.6313
vn 0.3434 0.0558 -0.9375
vn 0.7550 0.1872 0.6284
vn 0.6716 -0.2330 0.7033
vn -0.6575 -0.1964 0.7274
vn 0.9694 -0.1975 0.1461
vn -0.9829 -0.1549 0.0997
vn -0.5450 -0.5252 0.6535
vn -0.3471 -0.0823 -0.9342
vn 0.3460 -0.0862 -0.9343
vn 0.7706 -0.2239 0.5967
vn -0.6332 0.2610 0.7287
vn -0.9429 0.3036 0.1367
vn -0.6294 0.3792 0.6783
vn -0.7546 -0.2141 0.6202
vn 0.6366 0.2593 0.7263
vn 0.9486 0.2855 0.1365
vn -0.0936 -0.4376 -0.8943
vn -0.2115 0.8269 0.5210
vn 0.2083 -0.7165 0.6657
vn 0.2233 -0.9427 0.2480
vn -0.0758 0.4383 -0.8956
vn -0.2427 -0.8200 0.5183
vn 0.2183 0.7119 0.6675
vn 0.2612 0.9371 0.2313
vn 0.5885 -0.4987 0.6363
vn 0.6342 0.3898 0.6677
vn -0.5865 0.6015 -0.5423
vn -0.5751 -0.6102 -0.5449
vn 0.5178 0.6708 -0.5309
vn 0.5182 -0.6670 -0.5353
vn 0.1629 -0.8735 -0.4587
vn 0.1114 0.8880 -0.4462
vn -0.8230 0.1640 -0.5438
vn 0.8248 0.1691 -0.5395
vn -0.7993 -0.2367 -0.5524
vn 0.8004 -0.2453 -0.5469
vn -0.1836 0.8676 -0.4622
vn -0.2179 -0.8558 -0.4692
vn -0.6416 -0.6175 0.4551
vn -0.7202 0.5089 0.4716
vn 0.6803 -0.5763 0.4529
vn 0.7193 0.5159 0.4652
vn 0.7956 -0.0260 0.6053
vn -0.8188 0.0299 0.5733
vn -0.9888 0.0059 0.1491
vn -0.7882 0.0833 0.6098
vn -0.7606 -0.0382 0.6481
vn 0.8266 0.0309 0.5620
vn 0.9888 0.0059 0.1491
vn 0.7936 0.0966 0.6007
vn -0.8460 0.1175 0.5201
vn 0.8433 0.1467 0.5170
vn -0.0021 -0.9863 0.1649
vn -0.0134 0.9640 0.2655
vn -0.0445 0.8955 0.4428
vn -0.0021 -0.9012 0.4334
vn -0.0154 -0.8701 0.4927
vn -0.0442 -0.8939 0.4461
vn -0.0033 0.8613 0.5081
vn -0.0155 0.8816 0.4717
vn -0.0079 -0.9559 0.2934
vn -0.0219 0.9650 0.2614
vn 0.2939 -0.8638 0.4093
vn 0.2885 0.8435 0.4530
vn 0.0739 -0.8579 0.5084
vn 0.0142 -0.8697 0.4933
vn 0.0143 0.8813 0.4723
vn 0.4359 -0.8334 0.3399
vn 0.4108 0.8475 0.3362
vn -0.2725 -0.8749 0.4004
vn -0.2930 0.8333 0.4688
vn 0.0398 0.8960 0.4422
vn -0.0695 -0.8492 0.5234
vn 0.0491 -0.8935 0.4464
vn -0.4167 -0.8451 0.3350
vn -0.4168 0.8455 0.3337
vn 0.8015 0.0349 0.5970
vn -0.8189 -0.0476 0.5720
vn -0.9791 -0.0067 0.2033
vn -0.7781 -0.1468 0.6107
vn -0.7640 0.0590 0.6426
vn 0.8275 -0.0464 0.5595
vn 0.9791 -0.0067 0.2032
vn -0.8160 -0.2313 0.5297
vn 0.7919 -0.1397 0.5945
vn 0.8275 -0.2146 0.5189
vn 0.6862 0.5521 0.4736
vn -0.6841 0.5492 0.4800
vn 0.6488 -0.6092 0.4560
vn -0.6122 -0.6545 0.4436
vn 0.7785 0.1449 0.6107
vn -0.7801 0.1182 0.6144
vn -0.0201 0.9928 0.1185
vn -0.0068 -0.9919 0.1267
vn 0.3873 0.8947 0.2226
vn 0.4155 -0.8823 0.2211
vn -0.3953 0.8906 0.2249
vn -0.3975 -0.8926 0.2125
vn -0.7562 -0.2279 0.6134
vn 0.7656 -0.2135 0.6069
vn -0.6624 -0.7013 -0.2634
vn 0.5858 0.7660 -0.2647
vn 0.1604 -0.9593 -0.2323
vn 0.1017 0.9650 -0.2416
vn -0.9462 0.2108 -0.2455
vn -0.9349 -0.2511 -0.2510
vn -0.1834 0.9546 -0.2348
vn -0.2188 -0.9451 -0.2426
vn -0.6689 0.6935 -0.2678
vn 0.5869 -0.7669 -0.2598
vn 0.9489 0.1760 -0.2618
vn 0.9288 -0.2359 -0.2859
vn -0.9687 -0.0433 -0.2444
vn -0.9668 0.0654 -0.2471
vn -0.2656 -0.3463 0.8997
vn -0.3113 0.3946 0.8645
vn 0.3515 0.3789 0.8561
vn 0.3136 -0.3422 0.8858
vn -0.0838 0.5126 0.8545
vn -0.0574 -0.5074 0.8598
vn -0.4969 -0.0778 0.8643
vn 0.5004 -0.0714 0.8629
vn -0.4833 0.1152 0.8679
vn 0.4894 0.1058 0.8656
vn 0.0906 -0.4781 0.8736
vn 0.1108 0.4839 0.8681
vn 0.4871 0.0004 0.8733
vn -0.4871 0.0004 0.8733
vn 0.0101 0.3325 0.9430
vn 0.0094 -0.3126 0.9498
vn -0.0107 0.3295 0.9441
vn -0.0100 -0.3096 0.9508
vn 0.9705 0.1842 -0.1556
vn -0.6753 -0.7188 -0.1652
vn 0.6010 0.7828 -0.1612
vn 0.1668 -0.9778 -0.1271
vn 0.1127 0.9862 -0.1211
vn -0.9620 0.2189 -0.1629
vn -0.9460 -0.2731 -0.1745
vn -0.1924 0.9728 -0.1289
vn -0.2306 -0.9639 -0.1328
vn -0.6840 0.7106 -0.1651
vn 0.6025 -0.7815 -0.1618
vn 0.9493 -0.2701 -0.1605
vn -0.9830 -0.0261 -0.1819
vn -0.9827 0.0450 -0.1798
s 1
f 1253//1393 1226//1366 1194//1334 1246//1386
f 1330//1470 1228//1368 1196//1336 1328//1468
f 1341//1481 1230//1370 1206//1346 1334//1474
f 1249//1389 1210//1350 1195//1335 1248//1388
f 1255//1395 1239//1379 1198//1338 1245//1385
f 1244//1384 1233//1373 1201//1341 1241//1381
f 1214//1354 1216//1356 1206//1346 1202//1342
f 1337//1477 1212//1352 1196//1336 1334//1474
f 1340//1480 1223//1363 1207//1347 1336//1476
f 1343//1483 1236//1376 1197//1337 1336//1476
f 1230//1370 1229//1369 1202//1342 1206//1346
f 1223//1363 1221//1361 1203//1343 1207//1347
f 1237//1377 1238//1378 1207//1347 1203//1343
f 1256//1396 1210//1350 1249//1389
f 1247//1387 1199//1339 1209//1349 1250//1390
f 1229//1369 1231//1371 1214//1354 1202//1342
f 1214//1354 1278//1418 1216//1356
f 1349//1489 1292//1432 1212//1352 1337//1477
f 1333//1473 1200//1340 1211//1351 1338//1478
f 1204//1344 1208//1348 1215//1355 1213//1353
f 1245//1385 1198//1338 1217//1357 1251//1391
f 1239//1379 1210//1350 1235//1375
f 1320//1460 1200//1340 1220//1360 1329//1469
f 1333//1473 1208//1348 1224//1364 1339//1479
f 1237//1377 1203//1343 1221//1361 1243//1383
f 1345//1485 1301//1441 1223//1363 1340//1480
f 1208//1348 1204//1344 1222//1362 1224//1364
f 1301//1441 1300//1440 1221//1361 1223//1363
f 1204//1344 1213//1353 1225//1365 1222//1362
f 1251//1391 1217//1357 1226//1366 1253//1393
f 1329//1469 1261//1401 1228//1368 1330//1470
f 1346//1486 1263//1403 1230//1370 1341//1481
f 1268//1408 1266//1406 1233//1373 1244//1384
f 1263//1403 1262//1402 1229//1369 1230//1370
f 1262//1402 1264//1404 1231//1371 1229//1369
f 1335//1475 1205//1345 1234//1374 1342//1482
f 1205//1345 1201//1341 1233//1373 1234//1374
f 1282//1422 1244//1384 1241//1381
f 1348//1488 1273//1413 1236//1376 1343//1483
f 1283//1423 1284//1424 1238//1378 1237//1377
f 1246//1386 1194//1334 1235//1375 1256//1396
f 1201//1341 1205//1345 1242//1382 1241//1381
f 1335//1475 1193//1333 1240//1380 1344//1484
f 1283//1423 1237//1377 1243//1383 1281//1421
f 1357//1497 1253//1393 1246//1386 1352//1492
f 1227//1367 1254//1394 1248//1388 1195//1335
f 1354//1494 1249//1389 1248//1388 1361//1501
f 1358//1498 1255//1395 1245//1385 1360//1500
f 1359//1499 1256//1396 1249//1389 1354//1494
f 1353//1493 1247//1387 1250//1390 1355//1495
f 1360//1500 1245//1385 1251//1391 1356//1496
f 1199//1339 1247//1387 1252//1392 1219//1359
f 1363//1503 1251//1391 1253//1393 1357//1497
f 1219//1359 1252//1392 1254//1394 1227//1367
f 1352//1492 1246//1386 1256//1396 1359//1499
f 1315//1455 1289//1429 1231//1371 1306//1446
f 1309//1449 1268//1408 1244//1384 1305//1445
f 1316//1456 1293//1433 1257//1397 1308//1448
f 1317//1457 1298//1438 1225//1365 1308//1448
f 1342//1482 1234//1374 1267//1407 1345//1485
f 1234//1374 1233//1373 1266//1406 1267//1407
f 1329//1469 1295//1435 1261//1401
f 1346//1486 1297//1437 1263//1403
f 1303//1443 1300//1440 1266//1406 1268//1408
f 1297//1437 1296//1436 1262//1402 1263//1403
f 1296//1436 1298//1438 1264//1404 1262//1402
f 1364//1504 1251//1391 1363//1503
f 1318//1458 1303//1443 1268//1408 1309//1449
f 1306//1446 1231//1371 1264//1404 1310//1450
f 1241//1381 1285//1425 1278//1418 1277//1417
f 1255//1395 1209//1349 1239//1379
f 1289//1429 1272//1412 1277//1417 1214//1354
f 1350//1490 1290//1430 1273//1413 1348//1488
f 1291//1431 1275//1415 1274//1414
f 1291//1431 1274//1414 1271//1411 1288//1428
f 1313//1453 1282//1422 1272//1412 1311//1451
f 1314//1454 1286//1426 1279//1419 1312//1452
f 1272//1412 1282//1422 1241//1381 1277//1417
f 1274//1414 1275//1415 1284//1424 1283//1423
f 1274//1414 1283//1423 1281//1421 1271//1411
f 1241//1381 1242//1382 1285//1425
f 1344//1484 1240//1380 1276//1416 1347//1487
f 1227//1367 1195//1335 1210//1350 1239//1379 1209//1349 1199//1339 1219//1359
f 1305//1445 1244//1384 1282//1422 1313//1453
f 1307//1447 1259//1399 1286//1426 1314//1454
f 1256//1396 1235//1375 1210//1350
f 1277//1417 1278//1418 1214//1354
f 1347//1487 1276//1416 1292//1432 1349//1489
f 1311//1451 1272//1412 1289//1429 1315//1455
f 1312//1452 1279//1419 1293//1433 1316//1456
f 1250//1390 1209//1349 1255//1395
f 1231//1371 1289//1429 1214//1354
f 1338//1478 1211//1351 1290//1430 1350//1490
f 1213//1353 1215//1355 1275//1415 1291//1431
f 1213//1353 1291//1431 1288//1428 1225//1365
f 1355//1495 1250//1390 1255//1395 1358//1498
f 1345//1485 1267//1407 1301//1441
f 1267//1407 1266//1406 1300//1440 1301//1441
f 1310//1450 1264//1404 1298//1438 1317//1457
f 1329//1469 1220//1360 1295//1435
f 1339//1479 1224//1364 1297//1437 1346//1486
f 1243//1383 1221//1361 1300//1440 1303//1443
f 1224//1364 1222//1362 1296//1436 1297//1437
f 1222//1362 1225//1365 1298//1438 1296//1436
f 1356//1496 1251//1391 1364//1504
f 1307//1447 1243//1383 1303//1443 1318//1458
f 1294//1434 1315//1455 1306//1446 1258//1398
f 1270//1410 1309//1449 1305//1445 1260//1400
f 1288//1428 1316//1456 1308//1448 1225//1365
f 1302//1442 1317//1457 1308//1448 1257//1397
f 1304//1444 1318//1458 1309//1449 1270//1410
f 1258//1398 1306//1446 1310//1450 1269//1409
f 1287//1427 1313//1453 1311//1451 1280//1420
f 1281//1421 1314//1454 1312//1452 1271//1411
f 1260//1400 1305//1445 1313//1453 1287//1427
f 1243//1383 1307//1447 1314//1454 1281//1421
f 1280//1420 1311//1451 1315//1455 1294//1434
f 1271//1411 1312//1452 1316//1456 1288//1428
f 1269//1409 1310//1450 1317//1457 1302//1442
f 1259//1399 1307//1447 1318//1458 1304//1444
f 1362//1502 1330//1470 1328//1468 1361//1501
f 1353//1493 1320//1460 1329//1469 1351//1491
f 1351//1491 1329//1469 1330//1470 1362//1502
f 1232//1372 1324//1464 1319//1459 1193//1333
f 1212//1352 1321//1461 1328//1468 1196//1336
f 1236//1376 1325//1465 1327//1467 1197//1337
f 1292//1432 1321//1461 1212//1352
f 1200//1340 1320//1460 1322//1462 1211//1351
f 1197//1337 1327//1467 1323//1463 1218//1358
f 1265//1405 1331//1471 1324//1464 1232//1372
f 1273//1413 1325//1465 1236//1376
f 1193//1333 1319//1459 1326//1466 1240//1380
f 1299//1439 1332//1472 1331//1471 1265//1405
f 1290//1430 1325//1465 1273//1413
f 1240//1380 1326//1466 1276//1416
f 1276//1416 1326//1466 1321//1461 1292//1432
f 1211//1351 1322//1462 1325//1465 1290//1430
f 1218//1358 1323//1463 1332//1472 1299//1439
f 1228//1368 1341//1481 1334//1474 1196//1336
f 1216//1356 1337//1477 1334//1474 1206//1346
f 1218//1358 1340//1480 1336//1476 1197//1337
f 1238//1378 1343//1483 1336//1476 1207//1347
f 1278//1418 1349//1489 1337//1477 1216//1356
f 1208//1348 1333//1473 1338//1478 1215//1355
f 1200//1340 1333//1473 1339//1479 1220//1360
f 1299//1439 1345//1485 1340//1480 1218//1358
f 1261//1401 1346//1486 1341//1481 1228//1368
f 1193//1333 1335//1475 1342//1482 1232//1372
f 1284//1424 1348//1488 1343//1483 1238//1378
f 1205//1345 1335//1475 1344//1484 1242//1382
f 1232//1372 1342//1482 1345//1485 1265//1405
f 1295//1435 1346//1486 1261//1401
f 1285//1425 1347//1487 1278//1418
f 1275//1415 1350//1490 1348//1488
f 1275//1415 1348//1488 1284//1424
f 1242//1382 1344//1484 1347//1487 1285//1425
f 1278//1418 1347//1487 1349//1489
f 1215//1355 1338//1478 1350//1490 1275//1415
f 1265//1405 1345//1485 1299//1439
f 1220//1360 1339//1479 1346//1486 1295//1435
f 1324//1464 1357//1497 1352//1492 1319//1459
f 1321//1461 1354//1494 1361//1501 1328//1468
f 1325//1465 1358//1498 1360//1500 1327//1467
f 1321//1461 1359//1499 1354//1494
f 1320//1460 1353//1493 1355//1495 1322//1462
f 1327//1467 1360//1500 1356//1496 1323//1463
f 1331//1471 1363//1503 1357//1497 1324//1464
f 1319//1459 1352//1492 1359//1499 1326//1466
f 1332//1472 1364//1504 1363//1503 1331//1471
f 1326//1466 1359//1499 1321//1461
f 1322//1462 1355//1495 1358//1498 1325//1465
f 1323//1463 1356//1496 1364//1504 1332//1472
f 1254//1394 1362//1502 1361//1501 1248//1388
f 1247//1387 1353//1493 1351//1491 1252//1392
f 1252//1392 1351//1491 1362//1502 1254//1394
f 1235//1375 1194//1334 1226//1366 1217//1357 1198//1338 1239//1379
o Cylinder
v -0.002179 -1.253744 1.623678
v -0.002179 -1.253744 -7.343400
v 0.226696 -1.231202 1.623678
v 0.226696 -1.231201 -7.343400
v 0.446775 -1.164442 1.623678
v 0.446775 -1.164441 -7.343400
v 0.649602 -1.056029 1.623678
v 0.649602 -1.056028 -7.343400
v 0.827381 -0.910129 1.623678
v 0.828766 -0.911003 -7.484542
v 0.973280 -0.732350 1.623678
v 0.971895 -0.731476 -7.497813
v 1.091163 -0.498305 1.623678
v 1.081693 -0.529523 -7.517324
v 1.138983 -0.340663 1.623678
v 1.180313 -0.309444 -7.517324
v 1.170995 -0.080570 1.623678
v 1.202855 -0.080569 -7.517324
v 1.148453 0.148305 1.623678
v 1.202528 0.148306 -7.517324
v 1.081693 0.368385 1.623678
v 1.135767 0.368385 -7.517324
v 0.973280 0.571211 1.623678
v 0.938738 0.507328 -7.343426
v 0.827381 0.748990 1.623678
v 0.636103 0.829649 -7.343400
v 0.649602 0.894890 1.623678
v 0.446775 1.003302 1.623678
v 0.446775 1.003303 -7.343400
v 0.226696 1.070063 1.623678
v 0.226696 1.070063 -7.343400
v -0.002180 1.092605 1.623678
v -0.002180 1.092606 -7.343400
v -0.231055 1.070063 1.623678
v -0.231055 1.070063 -7.343400
v -0.451134 1.003302 1.623678
v -0.451134 1.003303 -7.343400
v -0.653961 0.894889 1.623678
v -1.168442 0.961434 -4.947158
v -0.831739 0.748990 1.623678
v -1.168442 0.961434 -7.085147
v -0.977639 0.571211 1.623678
v -0.580106 0.839114 -6.959896
v -1.086052 0.368384 1.623678
v -0.580106 0.839114 -5.072409
v -1.152812 0.148304 1.623678
v -1.168442 -1.126533 -4.947158
v -1.175354 -0.080571 1.623678
v -1.168442 -1.126533 -7.085147
v -1.152811 -0.309446 1.623678
v -1.086051 -0.529525 1.623678
v -0.977637 -0.732352 1.623678
v -0.557583 1.039382 -7.224095
v -0.831738 -0.910130 1.623678
v -0.507375 0.973424 -4.779551
v -0.653959 -1.056030 1.623678
v -0.653959 -1.056029 -7.343400
v -0.451132 -1.164442 1.623678
v -0.451132 -1.164442 -7.343400
v -0.231052 -1.231202 1.623678
v -0.231052 -1.231202 -7.343400
v -0.002179 -1.165495 1.623678
v 0.209479 -1.144649 1.623678
v 0.413004 -1.082910 1.623678
v 0.600573 -0.982652 1.623678
v 0.764979 -0.847728 1.623678
v 0.899903 -0.683322 1.623678
v 1.008919 -0.466882 1.623678
v 1.053142 -0.321098 1.623678
v 1.082746 -0.080570 1.623678
v 1.061900 0.131089 1.623678
v 1.000161 0.334613 1.623678
v 0.899903 0.522183 1.623678
v 0.764979 0.686589 1.623678
v 0.600573 0.821513 1.623678
v 0.413004 0.921771 1.623678
v 0.209479 0.983509 1.623678
v -0.002180 1.004356 1.623678
v -0.213838 0.983509 1.623678
v -0.417363 0.921771 1.623678
v -0.604932 0.821513 1.623678
v -0.769338 0.686588 1.623678
v -0.904262 0.522182 1.623678
v -1.004520 0.334613 1.623678
v -1.066258 0.131088 1.623678
v -1.087105 -0.080571 1.623678
v -1.066258 -0.292229 1.623678
v -1.004519 -0.495754 1.623678
v -0.904261 -0.683323 1.623678
v -0.769336 -0.847729 1.623678
v -0.604930 -0.982653 1.623678
v -0.417361 -1.082911 1.623678
v -0.213836 -1.144649 1.623678
v 0.958606 0.230245 1.446679
v 1.007896 -0.123608 1.457892
v 0.958606 -0.477460 1.446679
v 0.628251 0.549460 1.515304
v 0.738409 0.230245 1.565609
v 0.776367 -0.123608 1.582943
v 0.738409 -0.477460 1.565609
v 0.628251 -0.796675 1.515304
v 0.271187 0.802790 1.487897
v 0.372948 0.549460 1.585424
v 0.438283 0.230245 1.648039
v 0.460796 -0.123608 1.669615
v 0.438283 -0.477460 1.648039
v 0.372948 -0.796675 1.585424
v 0.271187 -1.050005 1.487897
v 0.056400 0.802790 1.510761
v 0.077320 0.549460 1.616895
v 0.090751 0.230245 1.685036
v 0.095379 -0.123608 1.708515
v 0.090751 -0.477460 1.685036
v 0.077320 -0.796675 1.616895
v 0.056400 -1.050005 1.510761
v -0.164410 0.802790 1.503071
v -0.226599 0.549460 1.606308
v -0.266527 0.230245 1.672591
v -0.280285 -0.123608 1.695430
v -0.266527 -0.477460 1.672591
v -0.226599 -0.796675 1.606308
v -0.164410 -1.050005 1.503071
v -0.505874 0.549460 1.554810
v -0.594834 0.230245 1.612051
v -0.625487 -0.123608 1.631776
v -0.594834 -0.477460 1.612051
v -0.505874 -0.796675 1.554810
v -0.367315 -1.050005 1.465655
v -0.730240 0.549460 1.467982
v -0.858592 0.230245 1.509979
v -0.902819 -0.123608 1.524449
v -0.858592 -0.477460 1.509979
v -0.694024 -0.542847 1.512298
v -0.590544 -0.668936 1.512298
v -0.464454 -0.772415 1.512298
v -0.770916 -0.398992 1.512298
v -0.818266 -0.242900 1.512298
v -0.834254 -0.080570 1.512298
v -0.818266 0.081759 1.512298
v -0.320599 -0.849307 1.512298
v -0.164508 -0.896657 1.512298
v -0.002179 -0.912645 1.512298
v 0.160151 -0.896657 1.512298
v 0.316242 -0.849307 1.512298
v 0.460097 -0.772415 1.512298
v 0.586187 -0.668935 1.512298
v 0.689666 -0.542846 1.512298
v 0.773275 -0.376849 1.512298
v 0.807191 -0.265041 1.512298
v 0.829896 -0.080570 1.512298
v 0.813908 0.081760 1.512298
v 0.766558 0.237851 1.512298
v 0.689666 0.381706 1.512298
v 0.586187 0.507796 1.512298
v 0.460097 0.611275 1.512298
v 0.316242 0.688167 1.512298
v 0.160150 0.735517 1.512298
v -0.002179 0.751505 1.512298
v -0.164509 0.735517 1.512298
v -0.320601 0.688167 1.512298
v -0.770916 0.237851 1.512298
v -0.694024 0.381706 1.512298
v -0.590545 0.507796 1.512298
v -0.464456 0.611275 1.512298
v -0.002179 -1.253744 -6.009222
v 0.226696 -1.231201 -6.009222
v 0.446775 -1.164441 -6.009222
v 0.649602 -1.056028 -6.009222
v 0.827381 -0.910129 -6.009222
v 0.973280 -0.732350 -4.779551
v 1.084501 -0.520268 -4.684748
v 1.145645 -0.318700 -4.684748
v 1.170995 -0.080569 -4.684748
v 1.148453 0.148306 -4.684748
v 1.081693 0.368385 -4.684748
v 0.973280 0.571212 -4.684748
v 0.827381 0.748991 -4.684748
v 0.649602 0.894890 -4.684748
v 0.446775 1.003303 -4.779551
v 0.226696 1.070063 -4.779551
v -0.002180 1.092605 -4.779551
v -0.231055 1.070063 -4.779551
v -0.451134 1.003303 -4.779551
v -0.653961 0.894890 -4.779551
v -0.831739 0.748990 -4.779551
v -0.977639 0.571211 -4.779551
v -1.086052 0.368385 -4.779551
v -1.152812 0.148305 -4.779551
v -1.175354 -0.080570 -4.779551
v -1.152811 -0.309445 -4.779551
v -1.086051 -0.529525 -4.779551
v -0.977637 -0.732351 -4.779551
v -0.831738 -0.910130 -4.779551
v -0.653959 -1.056029 -4.779551
v -0.451132 -1.164442 -6.009222
v -0.231052 -1.231202 -6.009222
v 1.084400 -0.520598 -4.779551
v 1.177605 -0.318370 -4.779551
v 1.202855 -0.080569 -4.779551
v 1.202528 0.148306 -4.779551
v 1.135767 0.368385 -4.779551
v 0.940519 0.508164 -4.779577
v 0.800579 0.644139 -4.779524
v 0.636103 0.829649 -4.779551
v -0.019944 -1.284945 -7.224095
v 0.223629 -1.260956 -7.224095
v 0.457842 -1.235774 -7.224095
v 0.673694 -1.120399 -7.224095
v 0.862889 -0.965130 -7.224095
v 1.018158 -0.775935 -7.224095
v 1.133690 -0.559565 -7.224095
v 1.238329 -0.326389 -7.224095
v 1.262476 -0.082297 -7.224095
v 1.262128 0.161276 -7.224095
v 1.191080 0.395488 -7.224095
v 0.981501 0.543402 -7.224123
v 0.832575 0.688109 -7.224067
v 0.659329 0.886374 -7.224095
v 0.457842 1.071180 -7.224095
v 0.223629 1.142227 -7.224095
v -0.019944 1.166217 -7.224095
v -0.263517 1.142227 -7.224095
v -0.497730 1.071180 -7.224095
v -0.713055 1.075266 -7.201707
v -1.102759 1.037978 -4.868779
v -1.102759 1.037979 -7.163526
v -0.713055 1.075266 -4.830598
v -1.037076 1.075266 -4.830598
v -1.037076 -1.240366 -4.830598
v -0.713055 -1.240366 -4.830598
v -0.713055 -1.240366 -7.201707
v -1.037076 -1.240366 -7.201707
v -1.037076 1.075266 -7.201707
v -0.713580 -1.120400 -7.224095
v -0.497728 -1.235775 -7.224095
v -0.263515 -1.260956 -7.224095
v -1.102759 -1.203078 -7.163526
v -1.102759 -1.203078 -4.868779
v -0.646580 -1.152369 -7.111602
v -0.646580 -1.152369 -4.920703
v -0.646580 0.987270 -7.111602
v -0.646580 0.987270 -4.920703
v -0.692863 1.039382 -7.224095
v -0.634492 0.973424 -4.779551
v -0.495778 0.575461 -7.330335
v -0.476548 0.727575 -7.329443
v -0.679789 0.575461 -7.294715
v -0.660558 0.727575 -7.293823
v -0.971334 0.575461 -7.273154
v -0.952104 0.727575 -7.272263
v -0.495778 0.575461 -7.320580
v -0.476548 0.727575 -7.319689
v -0.679789 0.575461 -7.284961
v -0.660558 0.727575 -7.284069
v -0.971334 0.575461 -7.263401
v -0.952104 0.727575 -7.262509
v -1.095360 0.575461 -7.193995
v -1.078870 0.727575 -7.203930
v -1.192203 0.561407 -7.082442
v -1.182025 0.714222 -7.075154
v -1.089945 0.575461 -7.185884
v -1.073455 0.727575 -7.195818
v -1.186704 0.560715 -7.074416
v -1.176526 0.713530 -7.067128
v -1.229107 0.566828 -6.930261
v -1.228181 0.715699 -6.966946
v -1.253239 0.570516 -6.783890
v -1.248815 0.722602 -6.802844
v -1.220281 0.567825 -6.926230
v -1.219355 0.716696 -6.962914
v -1.244350 0.570813 -6.779886
v -1.239925 0.722900 -6.798841
v -1.237900 0.567042 -6.511316
v -1.242189 0.716055 -6.642168
v -1.239740 0.570189 -5.970008
v -1.237898 0.722343 -6.038774
v -1.228566 0.568010 -6.501608
v -1.232855 0.717022 -6.632457
v -1.230349 0.570458 -5.960440
v -1.228507 0.722611 -6.029207
v -1.238400 0.567897 -6.364244
v -1.241023 0.717763 -6.478227
v -1.229051 0.568675 -6.354573
v -1.231674 0.718541 -6.468555
v -1.234993 0.559684 -6.173923
v -1.242628 0.733184 -6.196151
v -1.226410 0.556861 -6.163980
v -1.234045 0.730362 -6.186209
v -1.239740 0.570189 -5.599988
v -1.237898 0.722343 -5.668753
v -1.230349 0.570458 -5.590419
v -1.228507 0.722611 -5.659186
v -1.234993 0.559684 -5.803903
v -1.242628 0.733184 -5.826131
v -1.226410 0.556861 -5.793960
v -1.234045 0.730362 -5.816188
v -1.273408 0.575461 -5.466399
v -1.271638 0.727574 -5.485569
v -1.246236 0.575461 -5.280953
v -1.244467 0.727574 -5.300123
v -1.238025 0.575461 -4.988728
v -1.236255 0.727575 -5.007896
v -1.263664 0.575461 -5.465954
v -1.261895 0.727574 -5.485123
v -1.236493 0.575461 -5.280508
v -1.234723 0.727574 -5.299677
v -1.228281 0.575461 -4.988281
v -1.226512 0.727575 -5.007451
v -1.164618 0.575461 -4.861213
v -1.173788 0.727575 -4.878139
v -1.057607 0.561407 -4.759372
v -1.058726 0.783806 -4.759400
v -1.156266 0.575461 -4.866251
v -1.165437 0.727575 -4.883178
v -1.049338 0.560715 -4.764498
v -1.053880 0.783025 -4.767830
v -0.980335 0.562221 -4.711262
v -1.000692 0.796898 -4.726441
v -0.849647 0.722602 -4.690039
v -0.975905 0.563217 -4.719894
v -1.001117 0.796732 -4.736184
v -0.845242 0.722900 -4.698736
v -0.651714 -0.756661 -7.297072
v -0.632484 -0.604548 -7.296181
v -0.971334 -0.756661 -7.273154
v -0.952104 -0.604548 -7.272263
v -0.651714 -0.756661 -7.287318
v -0.632484 -0.604548 -7.286427
v -0.971334 -0.756661 -7.263401
v -0.952104 -0.604548 -7.262509
v -1.095360 -0.756661 -7.193995
v -1.078870 -0.604548 -7.203930
v -1.192203 -0.770715 -7.082442
v -1.182025 -0.617900 -7.075154
v -1.089945 -0.756661 -7.185884
v -1.073455 -0.604548 -7.195818
v -1.186704 -0.771407 -7.074416
v -1.176526 -0.618592 -7.067128
v -1.229107 -0.765294 -6.930261
v -1.228181 -0.616423 -6.966946
v -1.253239 -0.761607 -6.783890
v -1.248815 -0.609520 -6.802844
v -1.220281 -0.764297 -6.926230
v -1.219355 -0.615426 -6.962914
v -1.244350 -0.761309 -6.779886
v -1.239925 -0.609222 -6.798841
v -1.237900 -0.765080 -6.511316
v -1.242189 -0.616067 -6.642168
v -1.239740 -0.761933 -5.970008
v -1.237898 -0.609780 -6.038774
v -1.228566 -0.764113 -6.501608
v -1.232855 -0.615100 -6.632457
v -1.230349 -0.761665 -5.960440
v -1.228507 -0.609511 -6.029207
v -1.238400 -0.764225 -6.364244
v -1.241023 -0.614359 -6.478227
v -1.229051 -0.763448 -6.354573
v -1.231674 -0.613582 -6.468555
v -1.234993 -0.772439 -6.173923
v -1.242628 -0.598938 -6.196151
v -1.226410 -0.775261 -6.163980
v -1.234045 -0.601760 -6.186209
v -1.239740 -0.761933 -5.599988
v -1.237898 -0.609780 -5.668753
v -1.230349 -0.761665 -5.590419
v -1.228507 -0.609511 -5.659186
v -1.234993 -0.772439 -5.803903
v -1.242628 -0.598938 -5.826131
v -1.226410 -0.775261 -5.793960
v -1.234045 -0.601760 -5.816188
v -1.273408 -0.756661 -5.466399
v -1.271638 -0.604548 -5.485569
v -1.246236 -0.756661 -5.280953
v -1.244467 -0.604548 -5.300123
v -1.238025 -0.756661 -4.988728
v -1.236255 -0.604548 -5.007896
v -1.263664 -0.756661 -5.465954
v -1.261895 -0.604548 -5.485123
v -1.236493 -0.756661 -5.280508
v -1.234723 -0.604548 -5.299677
v -1.228281 -0.756661 -4.988281
v -1.226512 -0.604548 -5.007451
v -1.164618 -0.756661 -4.861213
v -1.173788 -0.604548 -4.878139
v -1.057607 -0.770715 -4.759372
v -1.058726 -0.548316 -4.759400
v -1.156266 -0.756661 -4.866251
v -1.165437 -0.604548 -4.883178
v -1.049338 -0.771407 -4.764498
v -1.053880 -0.549098 -4.767830
v -0.991197 -0.765294 -4.715550
v -1.000692 -0.535224 -4.726441
v -0.846083 -0.761607 -4.684753
v -0.849647 -0.609520 -4.690039
v -0.986768 -0.764297 -4.724183
v -1.001117 -0.535391 -4.736184
v -0.841677 -0.761309 -4.693450
v -0.845242 -0.609222 -4.698736
v -0.396943 1.067380 -6.286280
v -0.371247 1.086102 -6.136284
v -0.760424 1.123297 -6.273941
v -0.734728 1.142018 -6.123946
v -1.051777 1.104531 -6.258937
v -1.026081 1.123252 -6.108942
v -0.396976 1.057710 -6.285008
v -0.371280 1.076432 -6.135014
v -0.760458 1.113627 -6.272670
v -0.734761 1.132348 -6.122676
v -1.051810 1.094861 -6.257666
v -1.026114 1.113582 -6.107671
v -1.175960 1.027158 -6.243435
v -1.152965 1.056638 -6.094736
v -1.273697 0.915595 -6.238772
v -1.257037 0.928147 -6.086871
v -1.170578 1.019066 -6.242605
v -1.147583 1.048546 -6.093906
v -1.268260 0.907498 -6.238642
v -1.251600 0.920050 -6.086740
v -1.310858 0.765747 -6.212031
v -1.303459 0.821467 -6.069379
v -1.335312 0.621320 -6.188300
v -1.332465 0.650565 -6.040146
v -1.302011 0.761802 -6.210888
v -1.294612 0.817521 -6.068235
v -1.326432 0.617310 -6.187856
v -1.315462 0.655837 -6.039854
v -1.321071 0.350482 -6.156871
v -1.310303 0.498887 -6.021743
v -1.219328 -0.189753 -6.035221
v -1.220189 -0.120092 -5.888402
v -1.311737 0.340899 -6.155038
v -1.278473 0.501228 -6.026335
v -1.209507 -0.198807 -6.036406
v -1.188521 -0.129462 -5.885961
v -1.227075 0.014084 -6.045455
v -1.209764 0.036532 -5.872680
v -1.218495 0.004602 -6.049575
v -1.201185 0.027051 -5.876800
v -1.232993 -0.553650 -6.034292
v -1.225043 -0.496646 -5.885868
v -1.222103 -0.561281 -6.036023
v -1.201747 -0.487250 -5.887740
v -1.269549 -0.353025 -6.045591
v -1.253162 -0.328103 -5.874944
v -1.260006 -0.361300 -6.050170
v -1.235409 -0.333852 -5.879008
v -1.304064 -0.690847 -6.021976
v -1.274320 -0.665517 -5.873709
v -1.242606 -0.867817 -6.027723
v -1.212862 -0.842487 -5.879457
v -1.178954 -1.153140 -6.029431
v -1.193536 -1.155845 -5.888067
v -1.294632 -0.689468 -6.024045
v -1.264889 -0.664138 -5.875778
v -1.233174 -0.866438 -6.029792
v -1.203430 -0.841108 -5.881526
v -1.169523 -1.151760 -6.031501
v -1.181072 -1.141687 -5.885238
v -1.084202 -1.264621 -6.045005
v -1.078426 -1.250567 -5.898052
v -0.786575 -1.244003 -6.081450
v -0.858863 -1.282934 -5.771850
v -1.077153 -1.258118 -6.046779
v -1.057475 -1.237030 -5.896189
v -0.779766 -1.237458 -6.083883
v -0.868919 -1.277945 -5.751925
v -0.651705 -1.268315 -5.958899
v -0.723090 -1.249410 -5.740524
v -0.466985 -1.130525 -5.939526
v -0.511166 -1.119133 -5.794303
v -0.649987 -1.258769 -5.957877
v -0.725875 -1.240165 -5.741906
v -0.465124 -1.120956 -5.939189
v -0.509305 -1.109564 -5.793968
v -0.507375 0.973424 -6.009222
v 0.973280 -0.732350 -6.009222
v 1.083102 -0.524879 -6.009222
v 1.178903 -0.314089 -6.009222
v 1.202855 -0.080569 -6.009222
v 1.202528 0.148306 -6.009222
v 1.135767 0.368385 -6.009222
v 0.939665 0.507763 -6.009248
v 0.799725 0.643738 -6.009195
v 0.636104 0.883478 -6.013699
v 0.446775 1.057132 -6.013699
v 0.226696 1.123892 -6.013699
v -0.002180 1.146435 -6.013699
v -0.231055 1.123892 -6.013699
v -0.451134 1.057132 -6.013699
v -0.653959 -1.056029 -6.009222
v -0.634492 0.973424 -6.009222
v -0.557583 1.039382 -6.544631
v -0.019944 -1.284946 -6.544631
v 0.223629 -1.260956 -6.544631
v 0.457842 -1.235775 -6.544631
v 0.673694 -1.120399 -6.544631
v 0.862889 -0.965130 -6.544631
v 1.018158 -0.775935 -6.544631
v 1.134408 -0.557199 -6.544631
v 1.237611 -0.328755 -6.544631
v 1.262476 -0.082297 -6.544631
v 1.262128 0.161276 -6.544631
v 1.191080 0.395488 -6.544631
v 0.981973 0.543624 -6.544660
v 0.833047 0.688331 -6.544603
v 0.659329 0.943660 -6.539866
v 0.457842 1.128466 -6.539866
v 0.223629 1.199513 -6.539866
v -0.019944 1.223503 -6.539866
v -0.263518 1.199513 -6.539866
v -0.497730 1.128465 -6.539866
v -0.713580 -1.120400 -6.544631
v -0.497728 -1.235775 -6.544631
v -0.263515 -1.260956 -6.544631
v -0.692863 1.039382 -6.544631
vn -0.0000 -0.9725 0.2328
vn 0.0025 -0.8629 -0.5054
vn 0.1897 -0.9538 0.2328
vn 0.0983 -0.8074 -0.5817
vn 0.3722 -0.8985 0.2328
vn 0.2171 -0.6647 -0.7149
vn 0.5403 -0.8086 0.2328
vn 0.3806 -0.6535 -0.6543
vn 0.6877 -0.6877 0.2328
vn 0.5781 -0.6148 -0.5364
vn 0.8133 -0.5339 0.2313
vn 0.7277 -0.4920 -0.4779
vn 0.9014 -0.3639 0.2346
vn 0.7860 -0.3962 -0.4746
vn 0.9517 -0.1983 0.2346
vn 0.8666 -0.2304 -0.4427
vn 0.9728 -0.0080 0.2313
vn 0.8849 -0.0406 -0.4641
vn 0.9538 0.1897 0.2328
vn 0.8844 0.1340 -0.4470
vn 0.8985 0.3722 0.2328
vn 0.6938 0.5540 -0.4601
vn 0.8086 0.5403 0.2328
vn 0.4728 0.6542 -0.5904
vn 0.6877 0.6877 0.2328
vn 0.4975 0.5062 -0.7044
vn 0.5403 0.8086 0.2328
vn 0.3722 0.8985 0.2328
vn 0.3689 0.6087 -0.7024
vn 0.1897 0.9538 0.2328
vn 0.1113 0.6457 -0.7555
vn -0.0000 0.9725 0.2328
vn -0.0169 0.6415 -0.7669
vn -0.1897 0.9538 0.2328
vn -0.1386 0.6131 -0.7778
vn -0.3722 0.8985 0.2328
vn -0.4768 0.4455 -0.7577
vn -0.5403 0.8086 0.2328
vn -0.9416 0.2999 0.1529
vn -0.6877 0.6877 0.2328
vn -0.9416 0.2999 -0.1529
vn -0.8086 0.5403 0.2328
vn 0.9810 0.1938 -0.0086
vn -0.8985 0.3722 0.2328
vn 0.9818 0.1484 0.1188
vn -0.9538 0.1897 0.2328
vn -0.9416 -0.2999 0.1529
vn -0.9725 -0.0000 0.2328
vn -0.9416 -0.2999 -0.1529
vn -0.9538 -0.1897 0.2328
vn -0.8985 -0.3722 0.2328
vn -0.8086 -0.5403 0.2328
vn -0.4803 0.8358 -0.2659
vn -0.6877 -0.6877 0.2328
vn -0.3818 0.9170 -0.1155
vn -0.5403 -0.8086 0.2328
vn -0.5936 -0.2344 -0.7699
vn -0.3722 -0.8985 0.2328
vn -0.2257 -0.6262 -0.7463
vn -0.1897 -0.9538 0.2328
vn -0.1238 -0.8072 -0.5772
vn -0.0000 0.2016 0.9795
vn -0.0393 0.1977 0.9795
vn -0.0772 0.1863 0.9795
vn -0.1120 0.1676 0.9795
vn -0.1426 0.1426 0.9795
vn -0.1676 0.1092 0.9798
vn -0.1892 0.0755 0.9790
vn -0.1992 0.0423 0.9790
vn -0.2000 0.0023 0.9798
vn -0.1977 -0.0393 0.9795
vn -0.1863 -0.0772 0.9795
vn -0.1676 -0.1120 0.9795
vn -0.1426 -0.1426 0.9795
vn -0.1120 -0.1676 0.9795
vn -0.0772 -0.1863 0.9795
vn -0.0393 -0.1977 0.9795
vn -0.0000 -0.2016 0.9795
vn 0.0393 -0.1977 0.9795
vn 0.0772 -0.1863 0.9795
vn 0.1120 -0.1676 0.9795
vn 0.1426 -0.1426 0.9795
vn 0.1676 -0.1120 0.9795
vn 0.1863 -0.0772 0.9795
vn 0.1977 -0.0393 0.9795
vn 0.2016 -0.0000 0.9795
vn 0.1977 0.0393 0.9795
vn 0.1863 0.0772 0.9795
vn 0.1676 0.1120 0.9795
vn 0.1426 0.1426 0.9795
vn 0.1120 0.1676 0.9795
vn 0.0772 0.1863 0.9795
vn 0.0393 0.1977 0.9795
vn 0.4693 0.1569 0.8690
vn 0.4752 -0.0000 0.8799
vn 0.4693 -0.1569 0.8690
vn 0.2889 0.2894 0.9126
vn 0.3779 0.1809 0.9080
vn 0.3839 -0.0000 0.9234
vn 0.3779 -0.1809 0.9080
vn 0.2889 -0.2894 0.9126
vn 0.1311 0.4016 0.9064
vn 0.1811 0.3255 0.9280
vn 0.1884 0.1504 0.9705
vn 0.1903 -0.0000 0.9817
vn 0.1884 -0.1504 0.9705
vn 0.1811 -0.3255 0.9280
vn 0.1311 -0.4016 0.9064
vn 0.0296 0.3883 0.9210
vn 0.0349 0.3031 0.9523
vn 0.0361 0.1394 0.9896
vn 0.0364 -0.0000 0.9993
vn 0.0361 -0.1394 0.9896
vn 0.0349 -0.3031 0.9523
vn 0.0296 -0.3883 0.9210
vn -0.0919 0.4089 0.9080
vn -0.1060 0.3104 0.9447
vn -0.1098 0.1429 0.9836
vn -0.1107 -0.0000 0.9939
vn -0.1098 -0.1429 0.9836
vn -0.1060 -0.3104 0.9447
vn -0.0899 -0.3947 0.9144
vn -0.2681 0.4025 0.8753
vn -0.2760 0.1626 0.9473
vn -0.2794 -0.0000 0.9602
vn -0.2760 -0.1626 0.9473
vn -0.4075 -0.4322 0.8045
vn -0.2182 -0.4280 0.8771
vn -0.3416 0.3225 0.8828
vn -0.3564 0.1575 0.9210
vn -0.3609 -0.0000 0.9326
vn -0.3752 -0.1670 0.9118
vn 0.3352 0.2240 0.9151
vn 0.2850 0.2850 0.9151
vn 0.2240 0.3352 0.9151
vn 0.3724 0.1543 0.9151
vn 0.3954 0.0786 0.9151
vn 0.4031 -0.0000 0.9151
vn 0.3954 -0.0786 0.9151
vn 0.1543 0.3724 0.9151
vn 0.0786 0.3954 0.9151
vn -0.0000 0.4031 0.9151
vn -0.0786 0.3954 0.9151
vn -0.1543 0.3724 0.9151
vn -0.2240 0.3352 0.9151
vn -0.2850 0.2850 0.9151
vn -0.3381 0.2196 0.9151
vn -0.3749 0.1504 0.9148
vn -0.3953 0.0832 0.9148
vn -0.4031 0.0053 0.9151
vn -0.3954 -0.0786 0.9151
vn -0.3724 -0.1543 0.9151
vn -0.3352 -0.2240 0.9151
vn -0.2850 -0.2850 0.9151
vn -0.2240 -0.3352 0.9151
vn -0.1543 -0.3724 0.9151
vn -0.0786 -0.3954 0.9151
vn -0.0000 -0.4031 0.9151
vn 0.0786 -0.3954 0.9151
vn 0.1543 -0.3724 0.9151
vn 0.3724 -0.1543 0.9151
vn 0.3352 -0.2240 0.9151
vn 0.2850 -0.2850 0.9151
vn 0.2240 -0.3352 0.9151
vn 0.0040 -0.9996 0.0288
vn 0.1725 -0.9843 0.0369
vn 0.3638 -0.9299 0.0543
vn 0.5573 -0.8282 0.0598
vn 0.7080 -0.7039 0.0574
vn 0.8345 -0.5511 0.0002
vn 0.9182 -0.3946 0.0353
vn 0.9684 -0.2295 0.0973
vn 0.9899 -0.0183 0.1408
vn 0.9692 0.1863 0.1608
vn 0.8820 0.4712 0.0107
vn 0.7989 0.5875 -0.1290
vn 0.6967 0.6956 -0.1753
vn 0.5784 0.7998 -0.1605
vn 0.4489 0.8936 0.0085
vn 0.1961 0.9804 0.0213
vn -0.0000 0.9998 0.0218
vn -0.1961 0.9804 0.0213
vn -0.4549 0.8904 0.0142
vn -0.5403 0.8086 -0.2328
vn -0.6877 0.6877 -0.2328
vn -0.8086 0.5403 -0.2328
vn -0.8985 0.3722 -0.2328
vn -0.9538 0.1897 -0.2328
vn -0.9725 -0.0000 -0.2328
vn -0.9538 -0.1897 -0.2328
vn -0.8985 -0.3722 -0.2328
vn -0.8086 -0.5403 -0.2328
vn -0.6877 -0.6877 -0.2328
vn -0.7134 -0.6996 -0.0400
vn -0.3544 -0.9330 0.0627
vn -0.1686 -0.9849 0.0399
vn 0.9026 -0.4290 0.0346
vn 0.9628 -0.2521 0.0971
vn 0.9900 -0.0449 0.1340
vn 0.9784 0.1470 0.1452
vn 0.8337 0.5469 0.0767
vn 0.6784 0.7273 -0.1036
vn 0.7298 0.6605 -0.1766
vn 0.7179 0.6761 -0.1657
vn -0.0090 -0.9944 -0.1050
vn 0.1144 -0.9863 -0.1191
vn 0.2958 -0.9447 -0.1416
vn 0.5367 -0.8318 -0.1416
vn 0.6885 -0.7166 -0.1117
vn 0.8254 -0.5568 -0.0938
vn 0.8927 -0.4415 -0.0902
vn 0.9626 -0.2566 -0.0865
vn 0.9950 -0.0485 -0.0877
vn 0.9851 0.1484 -0.0874
vn 0.8079 0.5817 -0.0945
vn 0.6151 0.7787 -0.1238
vn 0.7299 0.6664 -0.1521
vn 0.7232 0.6680 -0.1754
vn 0.4912 0.8484 -0.1973
vn 0.1897 0.9573 -0.2181
vn -0.0033 0.9749 -0.2228
vn -0.1959 0.9545 -0.2247
vn -0.4894 0.8466 -0.2092
vn 0.4700 0.8594 -0.2014
vn -0.6961 0.6885 0.2035
vn -0.6961 0.6885 -0.2035
vn 0.4700 0.8594 0.2014
vn -0.2862 0.9327 0.2196
vn -0.2862 -0.9327 0.2196
vn 0.4700 -0.8594 0.2014
vn 0.4700 -0.8594 -0.2014
vn -0.2862 -0.9327 -0.2196
vn -0.2862 0.9327 -0.2196
vn -0.8372 -0.5249 -0.1537
vn -0.3032 -0.9403 -0.1544
vn -0.1207 -0.9831 -0.1372
vn -0.6961 -0.6885 -0.2035
vn -0.6961 -0.6885 0.2035
vn 0.9473 -0.2803 -0.1549
vn 0.9489 -0.2806 0.1441
vn 0.9164 0.3748 -0.1405
vn 0.9020 0.3965 0.1710
vn -0.6926 0.6993 -0.1771
vn -0.6926 0.6993 0.1771
vn -0.0530 -0.9603 -0.2740
vn -0.0450 0.9716 -0.2325
vn -0.0316 -0.9690 -0.2451
vn -0.0336 0.9696 -0.2424
vn -0.5358 -0.8120 -0.2316
vn -0.4757 0.8543 -0.2093
vn 0.0493 -0.9658 0.2546
vn 0.0430 0.9741 0.2221
vn 0.0318 -0.9685 0.2469
vn 0.0346 0.9677 0.2496
vn -0.3694 -0.9005 0.2293
vn -0.3474 0.9136 0.2111
vn -0.2025 -0.9234 -0.3261
vn -0.2433 0.9515 -0.1884
vn -0.4485 -0.8699 -0.2054
vn -0.4446 0.8693 -0.2159
vn 0.2282 -0.9489 0.2181
vn 0.1822 0.9552 0.2333
vn 0.3783 -0.9175 0.1228
vn 0.3969 0.8847 0.2445
vn -0.6039 -0.7893 -0.1114
vn -0.6981 0.6949 -0.1723
vn -0.7766 -0.6294 -0.0281
vn -0.7464 0.6648 -0.0306
vn 0.5984 -0.7861 0.1547
vn 0.5378 0.8383 0.0899
vn 0.6383 -0.7692 0.0296
vn 0.5463 0.8372 0.0235
vn -0.6358 -0.7718 0.0102
vn -0.7446 0.6666 0.0353
vn -0.8087 -0.5883 0.0016
vn -0.7100 0.7041 0.0116
vn 0.7515 -0.6595 -0.0179
vn 0.7101 0.7039 -0.0166
vn 0.7319 -0.6813 -0.0120
vn 0.8005 0.5993 -0.0004
vn -0.7195 -0.6945 -0.0094
vn -0.7293 0.6840 -0.0150
vn 0.7462 -0.6654 -0.0199
vn 0.7422 0.6698 -0.0214
vn -0.6834 -0.7300 -0.0037
vn -0.6441 0.7649 -0.0036
vn 0.6383 -0.7697 0.0063
vn 0.6827 0.7306 0.0089
vn -0.6414 -0.7670 -0.0163
vn -0.6280 0.7771 -0.0425
vn 0.7517 -0.6511 0.1047
vn 0.7893 0.6098 0.0714
vn -0.6760 -0.7368 -0.0133
vn -0.6470 0.7625 -0.0010
vn 0.6326 -0.7745 0.0033
vn 0.6846 0.7288 0.0121
vn -0.8194 -0.5731 -0.0108
vn -0.7854 0.6186 -0.0238
vn -0.6424 -0.7645 0.0528
vn -0.6257 0.7782 0.0527
vn -0.7199 -0.6444 0.2579
vn -0.6892 0.6828 0.2424
vn 0.5077 -0.8610 0.0317
vn 0.4989 0.8667 -0.0012
vn 0.7229 -0.6884 -0.0595
vn 0.7362 0.6739 -0.0620
vn 0.4614 -0.8872 -0.0006
vn 0.4772 0.8788 -0.0019
vn -0.3453 -0.9090 0.2336
vn -0.3871 0.8937 0.2267
vn -0.2512 -0.9497 0.1872
vn -0.4153 0.9034 0.1069
vn 0.2489 -0.9303 -0.2694
vn 0.2882 0.8321 -0.4739
vn 0.1847 -0.9558 -0.2288
vn 0.0023 0.9313 -0.3642
vn -0.0823 -0.9716 0.2216
vn 0.0703 0.9674 0.2435
vn 0.3741 0.8954 0.2414
vn 0.3141 -0.7049 -0.6360
vn 0.1620 0.9623 -0.2185
vn 0.4745 0.8001 -0.3670
vn -0.0201 -0.9630 -0.2686
vn -0.0172 0.9732 -0.2294
vn -0.4758 0.8543 -0.2093
vn 0.0195 -0.9653 0.2606
vn 0.0169 0.9740 0.2257
vn -0.5022 -0.8646 -0.0164
vn -0.4492 0.8933 0.0174
vn 0.1072 -0.9942 0.0075
vn 0.0341 0.9993 -0.0156
vn -0.2430 -0.9522 0.1852
vn -0.4178 0.9023 0.1065
vn 0.2267 -0.9548 -0.1924
vn 0.0053 0.9313 -0.3643
vn -0.0473 -0.9579 0.2832
vn 0.0696 0.9674 0.2435
vn 0.0010 -0.9951 0.0992
vn 0.3513 0.8821 0.3139
vn 0.1424 -0.9494 -0.2801
vn 0.1628 0.9622 -0.2183
vn 0.1535 -0.7646 -0.6260
vn 0.4653 0.7028 -0.5381
vn 0.1280 0.9159 -0.3804
vn 0.1553 0.9477 0.2787
vn -0.0106 0.9298 -0.3678
vn 0.0822 0.9874 0.1352
vn -0.7031 0.6932 -0.1585
vn -0.4756 0.8611 0.1799
vn -0.1536 -0.9866 -0.0553
vn -0.1168 -0.8663 0.4857
vn -0.0150 -0.9867 -0.1617
vn -0.0538 -0.9009 0.4307
vn 0.0449 -0.9826 -0.1800
vn -0.3179 -0.8245 0.4681
vn -0.6962 0.6789 -0.2331
vn -0.5553 0.8099 0.1890
vn -0.8846 0.4121 -0.2181
vn -0.8144 0.5323 0.2313
vn 0.6683 -0.6985 -0.2560
vn 0.5693 -0.7535 0.3289
vn 0.8419 -0.4448 -0.3057
vn 0.8377 -0.4814 0.2580
vn -0.9570 0.1479 -0.2495
vn -0.9226 0.3092 0.2307
vn -0.9821 -0.0349 -0.1850
vn -0.9615 0.1252 0.2448
vn 0.9415 -0.2130 -0.2611
vn 0.9398 -0.2159 0.2650
vn 0.8951 -0.0251 -0.4452
vn 0.9719 -0.0474 0.2306
vn -0.9693 -0.2133 -0.1223
vn -0.9324 -0.0240 0.3606
vn -0.9513 0.1627 -0.2617
vn -0.9568 0.0345 0.2887
vn 0.7762 -0.0398 -0.6292
vn 0.9801 0.1724 0.0988
vn 0.9339 -0.1888 -0.3037
vn 0.9901 0.0002 0.1402
vn -0.9776 -0.1462 -0.1515
vn -0.8910 -0.0117 0.4539
vn 0.8905 0.0447 -0.4527
vn 0.9866 0.0999 0.1291
vn -0.8969 0.2524 -0.3631
vn -0.9171 -0.0475 0.3957
vn 0.9086 -0.3298 -0.2564
vn 0.9919 0.0739 0.1030
vn -0.9863 -0.0186 -0.1640
vn -0.9616 0.0934 0.2580
vn 0.8502 0.0090 -0.5263
vn 0.9745 -0.1157 0.1924
vn -0.9920 -0.0869 -0.0915
vn -0.9119 0.0933 0.3996
vn -0.9663 -0.2017 -0.1600
vn -0.8492 -0.2219 0.4791
vn -0.4935 -0.8616 -0.1183
vn -0.5805 -0.7678 0.2711
vn 0.8016 0.0372 -0.5967
vn 0.9599 -0.1745 0.2193
vn 0.8939 0.1940 -0.4041
vn 0.9608 0.2450 0.1297
vn 0.9243 0.1600 -0.3465
vn 0.9648 -0.0636 0.2551
vn -0.3955 -0.8891 -0.2305
vn -0.3913 -0.9057 0.1630
vn 0.0694 -0.9514 -0.3001
vn -0.0071 -0.9872 0.1591
vn 0.3372 0.8227 -0.4576
vn 0.2035 0.9320 0.3000
vn 0.1233 0.9603 -0.2504
vn -0.1876 0.9009 0.3914
vn 0.4745 -0.8758 -0.0887
vn 0.1827 -0.9536 0.2392
vn 0.5496 -0.6817 -0.4830
vn 0.5421 -0.6586 0.5219
vn -0.2274 0.7924 -0.5660
vn -0.1456 0.9479 0.2834
vn -0.4945 0.7436 -0.4500
vn -0.5426 0.8315 -0.1194
vn -0.4270 0.9017 0.0686
vn 0.8328 -0.5508 0.0556
vn 0.8963 -0.4402 0.0538
vn 0.9637 -0.2612 0.0552
vn 0.9973 -0.0507 0.0537
vn 0.9878 0.1459 0.0553
vn 0.8058 0.5895 0.0562
vn 0.6406 0.7664 0.0484
vn 0.7527 0.6563 0.0515
vn 0.7476 0.6611 0.0641
vn 0.5002 0.8620 0.0819
vn 0.1968 0.9764 0.0890
vn 0.0036 0.9957 0.0923
vn -0.1899 0.9772 0.0947
vn -0.5504 0.8295 0.0944
vn -0.8748 -0.4781 0.0782
vn -0.7091 0.6998 0.0869
vn -0.4110 0.9092 0.0670
vn -0.0038 -0.9996 0.0287
vn 0.1237 -0.9917 0.0359
vn 0.3102 -0.9493 0.0515
vn 0.5522 -0.8317 0.0582
vn 0.7042 -0.7078 0.0560
vn 0.8297 -0.5556 0.0542
vn 0.8963 -0.4403 0.0534
vn 0.9643 -0.2593 0.0529
vn 0.9974 -0.0493 0.0530
vn 0.9875 0.1483 0.0531
vn 0.8135 0.5792 0.0518
vn 0.6373 0.7690 0.0493
vn 0.7574 0.6516 0.0427
vn 0.7375 0.6748 0.0279
vn 0.4767 0.8788 0.0229
vn 0.1899 0.9815 0.0237
vn -0.0032 0.9997 0.0255
vn -0.1961 0.9802 0.0286
vn -0.5377 0.8422 0.0393
vn -0.8494 -0.5235 0.0667
vn -0.3176 -0.9462 0.0616
vn -0.1272 -0.9910 0.0420
vn -0.6992 0.7118 0.0665
s 1
f 1569//1709 1366//1506 1368//1508 1570//1710
f 1570//1710 1368//1508 1370//1510 1571//1711
f 1571//1711 1370//1510 1372//1512 1572//1712
f 1572//1712 1372//1512 1374//1514 1573//1713
f 1573//1713 1374//1514 1376//1516 1574//1714
f 1574//1714 1376//1516 1378//1518 1575//1715
f 1575//1715 1378//1518 1380//1520 1576//1716
f 1576//1716 1380//1520 1382//1522 1577//1717
f 1577//1717 1382//1522 1384//1524 1578//1718
f 1578//1718 1384//1524 1386//1526 1579//1719
f 1579//1719 1386//1526 1388//1528 1580//1720
f 1580//1720 1388//1528 1390//1530 1581//1721
f 1581//1721 1390//1530 1582//1722
f 1582//1722 1390//1530 1393//1533 1583//1723
f 1583//1723 1393//1533 1395//1535 1584//1724
f 1584//1724 1395//1535 1397//1537 1585//1725
f 1585//1725 1397//1537 1399//1539 1586//1726
f 1586//1726 1399//1539 1401//1541 1587//1727
f 1587//1727 1401//1541 1417//1557
f 1597//1737 1596//1736 1601//1741 1590//1730
f 1593//1733 1602//1742 1601//1741 1596//1736
f 1403//1543 1589//1729 1590//1730 1405//1545
f 1403//1543 1411//1551 1602//1742 1589//1729
f 1588//1728 1595//1735 1596//1736 1597//1737
f 1605//1745 1603//1743 1595//1735 1588//1728
f 1592//1732 1593//1733 1594//1734 1591//1731
f 1589//1729 1602//1742 1593//1733 1592//1732
f 1594//1734 1593//1733 1596//1736 1595//1735
f 1598//1738 1421//1561 1423//1563 1599//1739
f 1600//1740 1425//1565 1366//1506 1569//1709
f 1599//1739 1423//1563 1425//1565 1600//1740
f 1454//1594 1418//1558 1420//1560 1455//1595
f 1453//1593 1416//1556 1418//1558 1454//1594
f 1452//1592 1415//1555 1416//1556 1453//1593
f 1451//1591 1414//1554 1415//1555 1452//1592
f 1455//1595 1420//1560 1422//1562 1456//1596
f 1456//1596 1422//1562 1424//1564 1457//1597
f 1457//1597 1424//1564 1365//1505 1426//1566
f 1426//1566 1365//1505 1367//1507 1427//1567
f 1427//1567 1367//1507 1369//1509 1428//1568
f 1428//1568 1369//1509 1371//1511 1429//1569
f 1429//1569 1371//1511 1373//1513 1430//1570
f 1430//1570 1373//1513 1375//1515 1431//1571
f 1431//1571 1375//1515 1377//1517 1432//1572
f 1432//1572 1377//1517 1379//1519 1433//1573
f 1433//1573 1379//1519 1381//1521 1434//1574
f 1434//1574 1381//1521 1383//1523 1435//1575
f 1435//1575 1383//1523 1385//1525 1436//1576
f 1436//1576 1385//1525 1387//1527 1437//1577
f 1437//1577 1387//1527 1389//1529 1438//1578
f 1438//1578 1389//1529 1391//1531 1439//1579
f 1439//1579 1391//1531 1392//1532 1440//1580
f 1440//1580 1392//1532 1394//1534 1441//1581
f 1441//1581 1394//1534 1396//1536 1442//1582
f 1442//1582 1396//1536 1398//1538 1443//1583
f 1443//1583 1398//1538 1400//1540 1444//1584
f 1444//1584 1400//1540 1402//1542 1445//1585
f 1445//1585 1402//1542 1404//1544 1446//1586
f 1446//1586 1404//1544 1406//1546 1447//1587
f 1447//1587 1406//1546 1408//1548 1448//1588
f 1448//1588 1408//1548 1410//1550 1449//1589
f 1449//1589 1410//1550 1412//1552 1450//1590
f 1450//1590 1412//1552 1414//1554 1451//1591
f 1497//1637 1453//1593 1454//1594 1498//1638
f 1498//1638 1454//1594 1455//1595 1499//1639
f 1500//1640 1452//1592 1453//1593 1497//1637
f 1501//1641 1451//1591 1452//1592 1500//1640
f 1502//1642 1450//1590 1451//1591 1501//1641
f 1503//1643 1449//1589 1450//1590 1502//1642
f 1499//1639 1455//1595 1456//1596 1504//1644
f 1504//1644 1456//1596 1457//1597 1505//1645
f 1505//1645 1457//1597 1426//1566 1506//1646
f 1506//1646 1426//1566 1427//1567 1507//1647
f 1507//1647 1427//1567 1428//1568 1508//1648
f 1508//1648 1428//1568 1429//1569 1509//1649
f 1509//1649 1429//1569 1430//1570 1510//1650
f 1510//1650 1430//1570 1431//1571 1511//1651
f 1511//1651 1431//1571 1432//1572 1512//1652
f 1512//1652 1432//1572 1433//1573 1513//1653
f 1513//1653 1433//1573 1434//1574 1514//1654
f 1514//1654 1434//1574 1435//1575 1515//1655
f 1515//1655 1435//1575 1436//1576 1516//1656
f 1516//1656 1436//1576 1437//1577 1517//1657
f 1517//1657 1437//1577 1438//1578 1518//1658
f 1518//1658 1438//1578 1439//1579 1519//1659
f 1520//1660 1440//1580 1441//1581 1521//1661
f 1519//1659 1439//1579 1440//1580 1520//1660
f 1521//1661 1441//1581 1442//1582 1522//1662
f 1522//1662 1442//1582 1443//1583 1523//1663
f 1523//1663 1443//1583 1444//1584 1524//1664
f 1525//1665 1448//1588 1449//1589 1503//1643
f 1526//1666 1447//1587 1448//1588 1525//1665
f 1527//1667 1446//1586 1447//1587 1526//1666
f 1528//1668 1445//1585 1446//1586 1527//1667
f 1524//1664 1444//1584 1445//1585 1528//1668
f 1492//1632 1491//1631 1496//1636
f 1459//1599 1458//1598 1462//1602 1463//1603
f 1460//1600 1459//1599 1463//1603 1464//1604
f 1465//1605 1460//1600 1464//1604
f 1458//1598 1461//1601 1462//1602
f 1465//1605 1464//1604 1470//1610 1471//1611
f 1472//1612 1465//1605 1471//1611
f 1467//1607 1461//1601 1466//1606
f 1462//1602 1461//1601 1467//1607 1468//1608
f 1463//1603 1462//1602 1468//1608 1469//1609
f 1464//1604 1463//1603 1469//1609 1470//1610
f 1469//1609 1468//1608 1475//1615 1476//1616
f 1470//1610 1469//1609 1476//1616 1477//1617
f 1471//1611 1470//1610 1477//1617 1478//1618
f 1472//1612 1471//1611 1478//1618 1479//1619
f 1467//1607 1466//1606 1473//1613 1474//1614
f 1468//1608 1467//1607 1474//1614 1475//1615
f 1474//1614 1473//1613 1480//1620 1481//1621
f 1475//1615 1474//1614 1481//1621 1482//1622
f 1476//1616 1475//1615 1482//1622 1483//1623
f 1477//1617 1476//1616 1483//1623 1484//1624
f 1478//1618 1477//1617 1484//1624 1485//1625
f 1479//1619 1478//1618 1485//1625 1486//1626
f 1484//1624 1483//1623 1489//1629 1490//1630
f 1485//1625 1484//1624 1490//1630 1491//1631
f 1486//1626 1485//1625 1491//1631 1492//1632
f 1481//1621 1480//1620 1487//1627
f 1482//1622 1481//1621 1487//1627 1488//1628
f 1483//1623 1482//1622 1488//1628 1489//1629
f 1488//1628 1487//1627 1493//1633 1494//1634
f 1489//1629 1488//1628 1494//1634 1495//1635
f 1490//1630 1489//1629 1495//1635 1496//1636
f 1490//1630 1496//1636 1491//1631
f 1365//1505 1529//1669 1530//1670 1367//1507
f 1367//1507 1530//1670 1531//1671 1369//1509
f 1369//1509 1531//1671 1532//1672 1371//1511
f 1371//1511 1532//1672 1533//1673 1373//1513
f 1373//1513 1533//1673 1534//1674 1375//1515
f 1375//1515 1534//1674 1535//1675 1377//1517
f 1377//1517 1535//1675 1536//1676 1379//1519
f 1379//1519 1536//1676 1537//1677 1381//1521
f 1381//1521 1537//1677 1538//1678 1383//1523
f 1383//1523 1538//1678 1539//1679 1385//1525
f 1385//1525 1539//1679 1540//1680 1387//1527
f 1387//1527 1540//1680 1541//1681 1389//1529
f 1389//1529 1541//1681 1542//1682 1391//1531
f 1391//1531 1542//1682 1543//1683 1392//1532
f 1392//1532 1543//1683 1544//1684 1394//1534
f 1394//1534 1544//1684 1545//1685 1396//1536
f 1396//1536 1545//1685 1546//1686 1398//1538
f 1398//1538 1546//1686 1547//1687 1400//1540
f 1400//1540 1547//1687 1548//1688 1402//1542
f 1402//1542 1548//1688 1549//1689 1404//1544
f 1404//1544 1549//1689 1550//1690 1406//1546
f 1406//1546 1550//1690 1551//1691 1408//1548
f 1408//1548 1551//1691 1552//1692 1410//1550
f 1410//1550 1552//1692 1553//1693 1412//1552
f 1412//1552 1553//1693 1554//1694 1414//1554
f 1414//1554 1554//1694 1555//1695 1415//1555
f 1415//1555 1555//1695 1556//1696 1416//1556
f 1416//1556 1556//1696 1557//1697 1418//1558
f 1418//1558 1557//1697 1558//1698 1420//1560
f 1420//1560 1558//1698 1559//1699 1422//1562
f 1424//1564 1560//1700 1529//1669 1365//1505
f 1422//1562 1559//1699 1560//1700 1424//1564
f 1534//1674 1561//1701 1535//1675
f 1535//1675 1561//1701 1562//1702 1536//1676
f 1536//1676 1562//1702 1563//1703 1537//1677
f 1537//1677 1563//1703 1564//1704 1538//1678
f 1538//1678 1564//1704 1565//1705 1539//1679
f 1539//1679 1565//1705 1566//1706 1540//1680
f 1540//1680 1566//1706 1567//1707 1541//1681
f 1541//1681 1567//1707 1568//1708 1542//1682
f 1542//1682 1568//1708 1543//1683
f 1681//1821 1683//1823 1682//1822
f 1857//1942 1569//1709 1570//1710 1858//1943
f 1858//1943 1570//1710 1571//1711 1859//1944
f 1859//1944 1571//1711 1572//1712 1860//1945
f 1860//1945 1572//1712 1573//1713 1861//1946
f 1861//1946 1573//1713 1574//1714 1862//1947
f 1862//1947 1574//1714 1575//1715 1863//1948
f 1863//1948 1575//1715 1576//1716 1864//1949
f 1864//1949 1576//1716 1577//1717 1865//1950
f 1865//1950 1577//1717 1578//1718 1866//1951
f 1866//1951 1578//1718 1579//1719 1867//1952
f 1867//1952 1579//1719 1580//1720 1868//1953
f 1868//1953 1580//1720 1581//1721 1869//1954
f 1869//1954 1581//1721 1582//1722 1870//1955
f 1870//1955 1582//1722 1583//1723 1871//1956
f 1871//1956 1583//1723 1584//1724 1872//1957
f 1872//1957 1584//1724 1585//1725 1873//1958
f 1873//1958 1585//1725 1586//1726 1874//1959
f 1874//1959 1586//1726 1587//1727 1875//1960
f 1839//1924 1419//1559 1547//1687 1853//1938
f 1604//1744 1594//1734 1595//1735 1603//1743
f 1592//1732 1591//1731 1588//1728 1597//1737
f 1589//1729 1592//1732 1597//1737 1590//1730
f 1606//1746 1409//1549 1407//1547 1605//1745
f 1602//1742 1411//1551 1413//1553 1601//1741
f 1405//1545 1413//1553 1411//1551 1403//1543
f 1590//1730 1601//1741 1413//1553 1405//1545
f 1417//1557 1401//1541 1421//1561 1598//1738
f 1876//1961 1598//1738 1599//1739 1877//1962
f 1878//1963 1600//1740 1569//1709 1857//1942
f 1877//1962 1599//1739 1600//1740 1878//1963
f 1591//1731 1606//1746 1605//1745 1588//1728
f 1591//1731 1594//1734 1604//1744 1606//1746
f 1839//1924 1855//1940 1608//1748 1419//1559
f 1855//1940 1854//1939 1558//1698 1608//1748
f 1607//1747 1417//1557 1598//1738
f 1611//1751 1612//1752 1610//1750 1609//1749
f 1613//1753 1614//1754 1612//1752 1611//1751
f 1617//1757 1615//1755 1616//1756 1618//1758
f 1619//1759 1617//1757 1618//1758 1620//1760
f 1618//1758 1612//1752 1614//1754 1620//1760
f 1616//1756 1610//1750 1612//1752 1618//1758
f 1613//1753 1619//1759 1620//1760 1614//1754
f 1611//1751 1617//1757 1619//1759 1613//1753
f 1609//1749 1615//1755 1617//1757 1611//1751
f 1623//1763 1624//1764 1622//1762 1621//1761
f 1627//1767 1625//1765 1626//1766 1628//1768
f 1626//1766 1622//1762 1624//1764 1628//1768
f 1621//1761 1625//1765 1627//1767 1623//1763
f 1613//1753 1621//1761 1622//1762 1614//1754
f 1620//1760 1626//1766 1625//1765 1619//1759
f 1622//1762 1626//1766 1620//1760 1614//1754
f 1621//1761 1613//1753 1619//1759 1625//1765
f 1631//1771 1632//1772 1630//1770 1629//1769
f 1635//1775 1633//1773 1634//1774 1636//1776
f 1634//1774 1630//1770 1632//1772 1636//1776
f 1629//1769 1633//1773 1635//1775 1631//1771
f 1629//1769 1630//1770 1624//1764 1623//1763
f 1633//1773 1627//1767 1628//1768 1634//1774
f 1624//1764 1630//1770 1634//1774 1628//1768
f 1629//1769 1623//1763 1627//1767 1633//1773
f 1645//1785 1646//1786 1638//1778 1637//1777
f 1647//1787 1641//1781 1642//1782 1648//1788
f 1649//1789 1651//1791 1643//1783 1639//1779
f 1649//1789 1650//1790 1646//1786 1645//1785
f 1651//1791 1647//1787 1648//1788 1652//1792
f 1637//1777 1641//1781 1647//1787 1645//1785
f 1645//1785 1647//1787 1651//1791 1649//1789
f 1639//1779 1640//1780 1650//1790 1649//1789
f 1643//1783 1651//1791 1652//1792 1644//1784
f 1641//1781 1635//1775 1636//1776 1642//1782
f 1637//1777 1638//1778 1632//1772 1631//1771
f 1632//1772 1638//1778 1642//1782 1636//1776
f 1646//1786 1648//1788 1642//1782 1638//1778
f 1650//1790 1652//1792 1648//1788 1646//1786
f 1652//1792 1650//1790 1640//1780 1644//1784
f 1637//1777 1631//1771 1635//1775 1641//1781
f 1657//1797 1659//1799 1655//1795 1653//1793
f 1653//1793 1654//1794 1658//1798 1657//1797
f 1655//1795 1659//1799 1660//1800 1656//1796
f 1660//1800 1658//1798 1654//1794 1656//1796
f 1657//1797 1658//1798 1640//1780 1639//1779
f 1659//1799 1643//1783 1644//1784 1660//1800
f 1640//1780 1658//1798 1660//1800 1644//1784
f 1657//1797 1639//1779 1643//1783 1659//1799
f 1663//1803 1664//1804 1662//1802 1661//1801
f 1665//1805 1666//1806 1664//1804 1663//1803
f 1669//1809 1667//1807 1668//1808 1670//1810
f 1671//1811 1669//1809 1670//1810 1672//1812
f 1670//1810 1664//1804 1666//1806 1672//1812
f 1665//1805 1671//1811 1672//1812 1666//1806
f 1663//1803 1669//1809 1671//1811 1665//1805
f 1661//1801 1667//1807 1669//1809 1663//1803
f 1675//1815 1676//1816 1674//1814 1673//1813
f 1679//1819 1677//1817 1678//1818 1680//1820
f 1678//1818 1674//1814 1676//1816 1680//1820
f 1673//1813 1677//1817 1679//1819 1675//1815
f 1665//1805 1673//1813 1674//1814 1666//1806
f 1672//1812 1678//1818 1677//1817 1671//1811
f 1674//1814 1678//1818 1672//1812 1666//1806
f 1673//1813 1665//1805 1671//1811 1677//1817
f 1685//1825 1682//1822 1683//1823 1686//1826
f 1686//1826 1684//1824 1685//1825
f 1681//1821 1682//1822 1676//1816 1675//1815
f 1684//1824 1679//1819 1680//1820 1685//1825
f 1676//1816 1682//1822 1685//1825 1680//1820
f 1681//1821 1675//1815 1679//1819 1684//1824
f 1661//1801 1662//1802 1654//1794 1653//1793
f 1667//1807 1655//1795 1656//1796 1668//1808
f 1654//1794 1662//1802 1668//1808 1656//1796
f 1668//1808 1662//1802 1664//1804 1670//1810
f 1661//1801 1653//1793 1655//1795 1667//1807
f 1689//1753 1690//1829 1688//1828 1687//1827
f 1693//1832 1691//1830 1692//1831 1694//1833
f 1692//1831 1688//1828 1690//1829 1694//1833
f 1689//1753 1693//1832 1694//1833 1690//1829
f 1687//1827 1691//1830 1693//1832 1689//1753
f 1697//1763 1698//1764 1696//1762 1695//1761
f 1701//1767 1699//1834 1700//1835 1702//1768
f 1700//1835 1696//1762 1698//1764 1702//1768
f 1695//1761 1699//1834 1701//1767 1697//1763
f 1689//1753 1695//1761 1696//1762 1690//1829
f 1694//1833 1693//1832 1699//1834 1700//1835
f 1696//1762 1700//1835 1694//1833 1690//1829
f 1695//1761 1689//1753 1693//1832 1699//1834
f 1705//1771 1706//1772 1704//1770 1703//1769
f 1709//1775 1707//1773 1708//1774 1710//1776
f 1708//1774 1704//1770 1706//1772 1710//1776
f 1703//1769 1707//1773 1709//1775 1705//1771
f 1703//1769 1704//1770 1698//1764 1697//1763
f 1707//1773 1701//1767 1702//1768 1708//1774
f 1698//1764 1704//1770 1708//1774 1702//1768
f 1703//1769 1697//1763 1701//1767 1707//1773
f 1719//1785 1720//1786 1712//1778 1711//1777
f 1721//1787 1715//1781 1716//1782 1722//1788
f 1723//1789 1725//1791 1717//1783 1713//1779
f 1723//1789 1724//1790 1720//1786 1719//1785
f 1725//1791 1721//1787 1722//1788 1726//1792
f 1711//1777 1715//1781 1721//1787 1719//1785
f 1719//1785 1721//1787 1725//1791 1723//1789
f 1713//1779 1714//1780 1724//1790 1723//1789
f 1717//1783 1725//1791 1726//1792 1718//1784
f 1715//1781 1709//1775 1710//1776 1716//1782
f 1711//1777 1712//1778 1706//1772 1705//1771
f 1706//1772 1712//1778 1716//1782 1710//1776
f 1720//1786 1722//1788 1716//1782 1712//1778
f 1724//1790 1726//1792 1722//1788 1720//1786
f 1726//1792 1724//1790 1714//1780 1718//1784
f 1711//1777 1705//1771 1709//1775 1715//1781
f 1731//1797 1733//1799 1729//1795 1727//1793
f 1727//1793 1728//1794 1732//1798 1731//1797
f 1729//1795 1733//1799 1734//1800 1730//1796
f 1734//1800 1732//1798 1728//1794 1730//1796
f 1731//1797 1732//1798 1714//1780 1713//1779
f 1733//1799 1717//1783 1718//1784 1734//1800
f 1714//1780 1732//1798 1734//1800 1718//1784
f 1731//1797 1713//1779 1717//1783 1733//1799
f 1737//1803 1738//1804 1736//1802 1735//1801
f 1739//1805 1740//1806 1738//1804 1737//1803
f 1743//1809 1741//1807 1742//1808 1744//1810
f 1745//1811 1743//1809 1744//1810 1746//1812
f 1744//1810 1738//1804 1740//1806 1746//1812
f 1739//1805 1745//1811 1746//1812 1740//1806
f 1737//1803 1743//1809 1745//1811 1739//1805
f 1735//1801 1741//1807 1743//1809 1737//1803
f 1749//1836 1750//1837 1748//1814 1747//1813
f 1753//1838 1751//1817 1752//1818 1754//1839
f 1752//1818 1748//1814 1750//1837 1754//1839
f 1747//1813 1751//1817 1753//1838 1749//1836
f 1739//1805 1747//1813 1748//1814 1740//1806
f 1746//1812 1752//1818 1751//1817 1745//1811
f 1748//1814 1752//1818 1746//1812 1740//1806
f 1747//1813 1739//1805 1745//1811 1751//1817
f 1757//1842 1758//1843 1756//1841 1755//1840
f 1761//1846 1759//1844 1760//1845 1762//1847
f 1760//1845 1756//1841 1758//1843 1762//1847
f 1755//1840 1759//1844 1761//1846 1757//1842
f 1755//1840 1756//1841 1750//1837 1749//1836
f 1759//1844 1753//1838 1754//1839 1760//1845
f 1750//1837 1756//1841 1760//1845 1754//1839
f 1755//1840 1749//1836 1753//1838 1759//1844
f 1735//1801 1736//1802 1728//1794 1727//1793
f 1741//1807 1729//1795 1730//1796 1742//1808
f 1728//1794 1736//1802 1742//1808 1730//1796
f 1742//1808 1736//1802 1738//1804 1744//1810
f 1735//1801 1727//1793 1729//1795 1741//1807
f 1765//1850 1766//1851 1764//1849 1763//1848
f 1767//1852 1768//1853 1766//1851 1765//1850
f 1771//1856 1769//1854 1770//1855 1772//1857
f 1773//1858 1771//1856 1772//1857 1774//1859
f 1772//1857 1766//1851 1768//1853 1774//1859
f 1770//1855 1764//1849 1766//1851 1772//1857
f 1767//1852 1773//1858 1774//1859 1768//1853
f 1765//1850 1771//1856 1773//1858 1767//1852
f 1763//1848 1769//1854 1771//1856 1765//1850
f 1777//1862 1778//1863 1776//1861 1775//1860
f 1781//1866 1779//1864 1780//1865 1782//1867
f 1780//1865 1776//1861 1778//1863 1782//1867
f 1775//1860 1779//1864 1781//1866 1777//1862
f 1767//1852 1775//1860 1776//1861 1768//1853
f 1774//1859 1780//1865 1779//1864 1773//1858
f 1776//1861 1780//1865 1774//1859 1768//1853
f 1775//1860 1767//1852 1773//1858 1779//1864
f 1785//1870 1786//1871 1784//1869 1783//1868
f 1789//1874 1787//1872 1788//1873 1790//1875
f 1788//1873 1784//1869 1786//1871 1790//1875
f 1783//1868 1787//1872 1789//1874 1785//1870
f 1783//1868 1784//1869 1778//1863 1777//1862
f 1787//1872 1781//1866 1782//1867 1788//1873
f 1778//1863 1784//1869 1788//1873 1782//1867
f 1783//1868 1777//1862 1781//1866 1787//1872
f 1800//1885 1802//1887 1796//1881 1792//1877
f 1799//1884 1801//1886 1797//1882 1793//1878
f 1792//1877 1791//1876 1799//1884 1800//1885
f 1793//1878 1794//1879 1800//1885 1799//1884
f 1797//1882 1801//1886 1802//1887 1798//1883
f 1795//1880 1789//1874 1790//1875 1796//1881
f 1791//1876 1792//1877 1786//1871 1785//1870
f 1786//1871 1792//1877 1796//1881 1790//1875
f 1796//1881 1802//1887 1801//1886 1795//1880
f 1791//1876 1795//1880 1801//1886 1799//1884
f 1802//1887 1800//1885 1794//1879 1798//1883
f 1791//1876 1785//1870 1789//1874 1795//1880
f 1807//1892 1809//1894 1805//1890 1803//1888
f 1803//1888 1804//1889 1808//1893 1807//1892
f 1805//1890 1809//1894 1810//1895 1806//1891
f 1810//1895 1808//1893 1804//1889 1806//1891
f 1807//1892 1808//1893 1794//1879 1793//1878
f 1809//1894 1797//1882 1798//1883 1810//1895
f 1794//1879 1808//1893 1810//1895 1798//1883
f 1807//1892 1793//1878 1797//1882 1809//1894
f 1813//1898 1814//1899 1812//1897 1811//1896
f 1815//1900 1816//1901 1814//1899 1813//1898
f 1819//1904 1817//1902 1818//1903 1820//1905
f 1821//1906 1819//1904 1820//1905 1822//1907
f 1820//1905 1814//1899 1816//1901 1822//1907
f 1815//1900 1821//1906 1822//1907 1816//1901
f 1813//1898 1819//1904 1821//1906 1815//1900
f 1811//1896 1817//1902 1819//1904 1813//1898
f 1825//1910 1826//1911 1824//1909 1823//1908
f 1829//1914 1827//1912 1828//1913 1830//1915
f 1828//1913 1824//1909 1826//1911 1830//1915
f 1823//1908 1827//1912 1829//1914 1825//1910
f 1815//1900 1823//1908 1824//1909 1816//1901
f 1822//1907 1828//1913 1827//1912 1821//1906
f 1824//1909 1828//1913 1822//1907 1816//1901
f 1823//1908 1815//1900 1821//1906 1827//1912
f 1833//1918 1834//1919 1832//1917 1831//1916
f 1837//1922 1835//1920 1836//1921 1838//1923
f 1836//1921 1832//1917 1834//1919 1838//1923
f 1831//1916 1835//1920 1837//1922 1833//1918
f 1831//1916 1832//1917 1826//1911 1825//1910
f 1835//1920 1829//1914 1830//1915 1836//1921
f 1826//1911 1832//1917 1836//1921 1830//1915
f 1831//1916 1825//1910 1829//1914 1835//1920
f 1811//1896 1804//1889 1803//1888
f 1817//1902 1805//1890 1806//1891 1818//1903
f 1804//1889 1812//1897 1818//1903 1806//1891
f 1818//1903 1812//1897 1814//1899 1820//1905
f 1811//1896 1803//1888 1805//1890 1817//1902
f 1370//1510 1368//1508 1366//1506 1425//1565 1423//1563 1421//1561 1401//1541 1399//1539 1397//1537 1395//1535 1393//1533 1390//1530 1388//1528 1386//1526 1384//1524 1382//1522 1380//1520 1378//1518 1376//1516 1374//1514 1372//1512
f 1533//1673 1840//1925 1534//1674
f 1534//1674 1840//1925 1841//1926 1561//1701
f 1561//1701 1841//1926 1842//1927 1562//1702
f 1562//1702 1842//1927 1843//1928 1563//1703
f 1563//1703 1843//1928 1844//1929 1564//1704
f 1564//1704 1844//1929 1845//1930 1565//1705
f 1565//1705 1845//1930 1846//1931 1566//1706
f 1566//1706 1846//1931 1847//1932 1567//1707
f 1567//1707 1847//1932 1848//1933 1568//1708
f 1568//1708 1848//1933 1849//1934 1543//1683
f 1543//1683 1849//1934 1850//1935 1544//1684
f 1544//1684 1850//1935 1851//1936 1545//1685
f 1545//1685 1851//1936 1852//1937 1546//1686
f 1546//1686 1852//1937 1853//1938 1547//1687
f 1856//1941 1839//1924 1853//1938 1875//1960
f 1558//1698 1854//1939 1559//1699
f 1856//1941 1879//1964 1855//1940 1839//1924
f 1879//1964 1876//1961 1854//1939 1855//1940
f 1529//1669 1857//1942 1858//1943 1530//1670
f 1530//1670 1858//1943 1859//1944 1531//1671
f 1531//1671 1859//1944 1860//1945 1532//1672
f 1532//1672 1860//1945 1861//1946 1533//1673
f 1533//1673 1861//1946 1862//1947 1840//1925
f 1840//1925 1862//1947 1863//1948 1841//1926
f 1841//1926 1863//1948 1864//1949 1842//1927
f 1842//1927 1864//1949 1865//1950 1843//1928
f 1843//1928 1865//1950 1866//1951 1844//1929
f 1844//1929 1866//1951 1867//1952 1845//1930
f 1845//1930 1867//1952 1868//1953 1846//1931
f 1846//1931 1868//1953 1869//1954 1847//1932
f 1847//1932 1869//1954 1870//1955 1848//1933
f 1848//1933 1870//1955 1871//1956 1849//1934
f 1849//1934 1871//1956 1872//1957 1850//1935
f 1850//1935 1872//1957 1873//1958 1851//1936
f 1851//1936 1873//1958 1874//1959 1852//1937
f 1852//1937 1874//1959 1875//1960 1853//1938
f 1854//1939 1876//1961 1877//1962 1559//1699
f 1560//1700 1878//1963 1857//1942 1529//1669
f 1559//1699 1877//1962 1878//1963 1560//1700
f 1417//1557 1856//1941 1875//1960 1587//1727
f 1417//1557 1607//1747 1879//1964 1856//1941
f 1607//1747 1598//1738 1876//1961 1879//1964
f 1608//1748 1558//1698 1419//1559
f 1487//1627 1480//1620 1493//1633
f 1804//1889 1811//1896 1812//1897
f 1409//1549 1606//1746 1604//1744
f 1419//1559 1558//1698 1557//1697
f 1557//1697 1556//1696 1419//1559
f 1556//1696 1555//1695 1419//1559
f 1555//1695 1554//1694 1419//1559
f 1553//1693 1552//1692 1551//1691
f 1551//1691 1550//1690 1549//1689
f 1547//1687 1419//1559 1554//1694 1553//1693 1549//1689 1548//1688
f 1551//1691 1549//1689 1553//1693
f 1409//1549 1604//1744 1603//1743 1605//1745 1407//1547
